"视频标题","视频BV号","视频AV号","作者","发布时间","评论用户名","评论内容","点赞数","评论时间","评论ID","用户ID"
"《崩坏：星穹铁道》千星纪游PV：「假若有一双翅膀」","BV1wz421U7LZ","1353991909","崩坏星穹铁道","2024-05-03 12:00:00","叶穹鬼","鸟为什么会飞[doge]忽然发现我家鸟是知更鸟配色","13663","2024-05-03 12:30:01","219653932080","37025860"
"《崩坏：星穹铁道》千星纪游PV：「假若有一双翅膀」","BV1wz421U7LZ","1353991909","崩坏星穹铁道","2024-05-03 12:00:00","昵称近代史","知更鸟所以是在灾难来临之时，感受到了爱，所以想要去传播爱","16392","2024-05-03 12:03:10","219649866192","457417329"
"《崩坏：星穹铁道》千星纪游PV：「假若有一双翅膀」","BV1wz421U7LZ","1353991909","崩坏星穹铁道","2024-05-03 12:00:00","mythologistic","这么看来，知更鸟就是伊卡洛斯……即使最终会坠落，也义无反顾地向着太阳飞去。","11299","2024-05-03 12:05:47","219650190384","2054636"
"《崩坏：星穹铁道》千星纪游PV：「假若有一双翅膀」","BV1wz421U7LZ","1353991909","崩坏星穹铁道","2024-05-03 12:00:00","宇汐儿丶","假若有一双翅膀，我们便会飞向天空 ——即使，注定有坠落的那一刻。 不必贪恋永恒，不必畏惧刹那。 凯文:所以鸟为什么会飞?","12696","2024-05-03 12:04:49","219649980496","33044601"
"《崩坏：星穹铁道》千星纪游PV：「假若有一双翅膀」","BV1wz421U7LZ","1353991909","崩坏星穹铁道","2024-05-03 12:00:00","球鱼hollow","这pv也太强了，好久没看到这种风格的了，没有复杂的内涵，简单的善意或许最能触动人心","7361","2024-05-03 12:36:20","219654776240","23149704"
"《崩坏：星穹铁道》千星纪游PV：「假若有一双翅膀」","BV1wz421U7LZ","1353991909","崩坏星穹铁道","2024-05-03 12:00:00","动画楼下吃煎饼","假如我有一双隐形的翅膀，带我飞，飞过绝望。知更鸟的千星PV看完之后让我想到了这个歌词","5875","2024-05-03 12:13:14","219651271184","355668045"
"《崩坏：星穹铁道》千星纪游PV：「假若有一双翅膀」","BV1wz421U7LZ","1353991909","崩坏星穹铁道","2024-05-03 12:00:00","混沌之迷Chaos","艺术家，此外的一切身份都是其延伸","2125","2024-05-03 12:14:04","219651472096","629784168"
"《崩坏：星穹铁道》千星纪游PV：「假若有一双翅膀」","BV1wz421U7LZ","1353991909","崩坏星穹铁道","2024-05-03 12:00:00","心痕的回忆","知更鸟的母亲应该是在保护年幼的兄妹中去世了。但知更鸟因为太小了所以对这段记忆很模糊，所以以为母亲口中微动是在歌唱，母亲胸口起伏是因为紧张。但母亲仍用自己的身躯保护这对姐弟。 知更鸟前面说了，除了耳边的声响她什么也听不见，那么“你们一定会平安无事”这句话必定不是母亲说的，后面也说了“无声的［愿望］”说明知更鸟能够倾听人内心的能力，她听到了母亲内心的愿望。 这俩兄妹前面提到是被梦主收养的，哥哥星期日成为家族话事人成为了家主，妹妹知更鸟因为出色的歌喉离开了匹诺康尼奔向宇宙，将歌声带给全宇宙的人们。但这对兄妹彼此之间并没有断了联系，2.1调查房间时，知更鸟谈到让星期日多去现实走走不要待在梦里，还给他寄了爱吃的蛋糕口味。星期日后面对峙加拉赫也体现了对妹妹的情感。 不过知更鸟里面那个神主日信息量真大，出现之前星期日和知更鸟有拿着画笔这个镜头，而匹诺康尼里是有筑梦师利用忆质构造建筑的，现在去被黄泉劈断大屏幕那里也能看见有人举着手在修复。所以猜测一下2.2的神主日是在梦境里被某些人幻化为现实了[思考]","18585","2024-05-03 12:33:44","219654394800","328040769"
"《崩坏：星穹铁道》千星纪游PV：「假若有一双翅膀」","BV1wz421U7LZ","1353991909","崩坏星穹铁道","2024-05-03 12:00:00","月半居士cc","知更鸟的关键词：愿望。愿望是人生最为宝贵的事物之一，能让人挣脱牢笼、面对坎坷、拾起希望。她因愿望而挣脱蝶蛹，勇于面对一切；她为寰宇放声歌唱，只为将愿望带给大家。 这就是知更鸟！ 天籁之声，自由而歌，余音袅袅，知们永存！","7448","2024-05-03 12:17:25","219651907488","651099045"
"《崩坏：星穹铁道》千星纪游PV：「假若有一双翅膀」","BV1wz421U7LZ","1353991909","崩坏星穹铁道","2024-05-03 12:00:00","冰龙的风暴","周boss岂不是在暗示星期日？尤其是图画的部分，难不成星期日成为了同谐的化身？","4064","2024-05-03 12:09:14","219650805856","5928227"
"《崩坏：星穹铁道》千星纪游PV：「假若有一双翅膀」","BV1wz421U7LZ","1353991909","崩坏星穹铁道","2024-05-03 12:00:00","咕咕椰捏","知更鸟隐喻新生和复苏呀，生命新篇章的开启。","1806","2024-05-03 12:11:28","219651025488","1465435729"
"《崩坏：星穹铁道》千星纪游PV：「假若有一双翅膀」","BV1wz421U7LZ","1353991909","崩坏星穹铁道","2024-05-03 12:00:00","哈互","战争中的孩子，愿望，歌声，自由与梦想……还有希望，巴勒斯坦加沙自由，愿知更鸟的愿望能够映照现实的一角，为和平渺茫的希望添加一缕生机。","3988","2024-05-03 12:19:17","219652211264","490011639"
"《崩坏：星穹铁道》千星纪游PV：「假若有一双翅膀」","BV1wz421U7LZ","1353991909","崩坏星穹铁道","2024-05-03 12:00:00","临-榆","知更鸟应该有翅膀吧，能飞的吧，那个应该不是摆设的吧[思考]","2665","2024-05-03 12:21:00","219652384624","38531569"
"《崩坏：星穹铁道》千星纪游PV：「假若有一双翅膀」","BV1wz421U7LZ","1353991909","崩坏星穹铁道","2024-05-03 12:00:00","知更鸟单推人rr","从短短的pv里，我看到了幼时面对战火纷扰的知更鸟和星期日，看到了两兄妹之前深厚的感情。知更鸟宝宝从小都是那么坚强乐观长大之后变成举世瞩目的大明星，面对流言蜚语，狗仔跟踪，她也会感到恐惧害怕。但是我的宝宝没有低迷，二手勇敢的面对，面对人生，面对自己!去战火纷扰的地方当老师，帮助可怜的像以前的自己一样的孩子。温柔坚强又美丽，我的大明星，我真的哭死。","8029","2024-05-03 12:28:18","219653517920","489459439"
"《崩坏：星穹铁道》千星纪游PV：「假若有一双翅膀」","BV1wz421U7LZ","1353991909","崩坏星穹铁道","2024-05-03 12:00:00","得一知己此生足矣","大雨中为你撑伞的人， 黑暗中默默抱紧你的人， 逗你笑的人，陪你彻夜聊天的人， 坐车来看你的人，在医院陪你的人， 陪你哭过的人，总是以你为重的人， 是这些温暖使你成为善良的人。 ——村上春树《没有色彩的多崎作和他的巡礼之年》","2922","2024-05-03 12:11:57","219651092912","31625317"
"《崩坏：星穹铁道》千星纪游PV：「假若有一双翅膀」","BV1wz421U7LZ","1353991909","崩坏星穹铁道","2024-05-03 12:00:00","天道修羞","声优名冢佳织，出道26年，舞台剧演员，在《DA!DA!DA!》中初次主役，于是开始声优方面的出演也逐渐增多。喜欢的音乐是J-POP，喜欢的食物是蛋糕，擅长小提琴，曾经学习过7年的小提琴。其他还有如爵士舞、踢踏舞、游泳、滑雪等诸多特技，以多才多艺而闻名。和泽城美雪、三瓶由布子、小清水亚美等知名声优是同一学年。","2190","2024-05-03 12:02:13","219649762080","82672242"
"《崩坏：星穹铁道》千星纪游PV：「假若有一双翅膀」","BV1wz421U7LZ","1353991909","崩坏星穹铁道","2024-05-03 12:00:00","星辰-凝夜","我总觉得星期日应该是会像可可利亚那样，而不会实装，因为在知更鸟的走进星穹里面，他来的太早了。说不定在暗示什么东西","757","2024-05-03 12:41:33","219655762512","515117047"
"《崩坏：星穹铁道》千星纪游PV：「假若有一双翅膀」","BV1wz421U7LZ","1353991909","崩坏星穹铁道","2024-05-03 12:00:00","沐光vajra","鸟为什么会飞，因为它有一双翅膀。那萤火虫呢？它也是啊，它们都向往温暖，自由，向往在无边无际的宇宙翱翔。","533","2024-05-03 12:06:16","219650350128","336480162"
"《崩坏：星穹铁道》千星纪游PV：「假若有一双翅膀」","BV1wz421U7LZ","1353991909","崩坏星穹铁道","2024-05-03 12:00:00","穆言Roy","愿战争结束，愿和平降临，愿梦想实现，愿歌声响彻寰宇","1930","2024-05-03 12:09:46","219650718848","644760580"
"《崩坏：星穹铁道》千星纪游PV：「假若有一双翅膀」","BV1wz421U7LZ","1353991909","崩坏星穹铁道","2024-05-03 12:00:00","科斯提","知更鸟：哥哥，我们本该一同飞向天空，直视那道太阳…… [doge][doge][doge]","1583","2024-05-03 12:01:03","219649422176","3546559354505875"
"《崩坏：星穹铁道》千星纪游PV：「假若有一双翅膀」","BV1wz421U7LZ","1353991909","崩坏星穹铁道","2024-05-03 12:00:00","果冻可以啃哦","假若有一双翅膀，我们便会飞向天空  ——即使，注定有坠落的那一刻。    不必贪恋永恒，不必畏惧刹那。    中文CV：  知更鸟——钱琛 / 歌：Chevy    日文CV：  知更鸟——名冢佳织 / 歌：Chevy    英文CV：  知更鸟——Alice Himora / Song vocals: Chevy    韩文CV：  知更鸟——신온유/ 노래: Chevy","1476","2024-05-03 12:00:33","219649441344","91447756"
"《崩坏：星穹铁道》千星纪游PV：「假若有一双翅膀」","BV1wz421U7LZ","1353991909","崩坏星穹铁道","2024-05-03 12:00:00","我只是个路过的捷德","为什么星期日一直不进池，因为来“日”方长嘛[doge]","1402","2024-05-03 12:02:02","219649642208","224723034"
"《崩坏：星穹铁道》千星纪游PV：「假若有一双翅膀」","BV1wz421U7LZ","1353991909","崩坏星穹铁道","2024-05-03 12:00:00","暮缪","啊？米哈游员工在五一假期加班了？！！[惊讶][惊讶][惊讶][惊讶]","958","2024-05-03 12:02:11","219649683984","475948020"
"《崩坏：星穹铁道》千星纪游PV：「假若有一双翅膀」","BV1wz421U7LZ","1353991909","崩坏星穹铁道","2024-05-03 12:00:00","雪辰沙","假如有一双翅膀……那我就加入疯狂星期四套餐！[doge][doge][doge]","800","2024-05-03 12:01:02","219649541552","352751792"
"《崩坏：星穹铁道》千星纪游PV：「假若有一双翅膀」","BV1wz421U7LZ","1353991909","崩坏星穹铁道","2024-05-03 12:00:00","米卡米沙米卡莎","3月7说的家人反目，该不会指的就是星期日和知更鸟吧。[笑哭][笑哭]","729","2024-05-03 12:00:55","219649458320","1278578125"
"《崩坏：星穹铁道》千星纪游PV：「假若有一双翅膀」","BV1wz421U7LZ","1353991909","崩坏星穹铁道","2024-05-03 12:00:00","_夜雨声煩_","知更鸟：欢唱，以我之名！","620","2024-05-03 12:01:34","219649571472","77207087"
"《崩坏：星穹铁道》千星纪游PV：「假若有一双翅膀」","BV1wz421U7LZ","1353991909","崩坏星穹铁道","2024-05-03 12:00:00","牧月-忍冬","知更鸟 明明出了事故 为什么还会赶来参加谐乐大典 因为她不鸽（鸟）还知道更新 知更鸟[doge]","394","2024-05-03 12:02:08","219649681040","111202477"
"《崩坏：星穹铁道》千星纪游PV：「假若有一双翅膀」","BV1wz421U7LZ","1353991909","崩坏星穹铁道","2024-05-03 12:00:00","五彩航线","希望这个愿望 在本世界也可以实现","103","2024-05-03 12:07:02","219650412544","34703702"
"《崩坏：星穹铁道》千星纪游PV：「假若有一双翅膀」","BV1wz421U7LZ","1353991909","崩坏星穹铁道","2024-05-03 12:00:00","牧月-忍冬","为什么星期日 认为砂金袭击了他妹妹 因为金攻知鸟（惊弓之鸟）[doge]","316","2024-05-03 12:03:05","219649729408","111202477"
"《崩坏：星穹铁道》千星纪游PV：「假若有一双翅膀」","BV1wz421U7LZ","1353991909","崩坏星穹铁道","2024-05-03 12:00:00","请勿输入法外昵称","战火里的孩子，放在现在很难不让人想到什么[生病] 妈妈好美啊……但兄妹俩是被收养的……妈妈应该是没了……","154","2024-05-03 12:06:01","219650201456","13456457"
"《崩坏：星穹铁道》千星纪游PV：「假若有一双翅膀」","BV1wz421U7LZ","1353991909","崩坏星穹铁道","2024-05-03 12:00:00","蓝色侵蚀小姐","亲爱的家人们，想要～","69","2024-05-03 12:03:30","219649751216","40814209"
"《崩坏：星穹铁道》千星纪游PV：「假若有一双翅膀」","BV1wz421U7LZ","1353991909","崩坏星穹铁道","2024-05-03 12:00:00","AI视频小助理","本视频讲述了一位音乐人的故事，他的音乐启蒙来自母亲，而母亲也在灾难中去世。尽管他曾想过逃离，但最终还是停下了脚步，选择面对镜头和听众，保护自己和别人，实现自己的愿望和为别人实现愿望。最后，他祝愿大家在盛会中再次相遇。--以上内容由AI视频小助理生成，关注解锁AI助理，由@小派蒙绝非善类 召唤发送","337","2024-05-03 12:00:29","219649388288","1141159409"
"《崩坏：星穹铁道》千星纪游PV：「假若有一双翅膀」","BV1wz421U7LZ","1353991909","崩坏星穹铁道","2024-05-03 12:00:00","各位萤厨请学会尊重","知道为什么知更鸟和赛诺能做好朋友吗，因为赛诺有很多梗，只有知更鸟明白，毕竟知梗鸟[脱单doge] (触发追加攻击)知道这句话的笑点在哪吗，因为梗和更谐音[脱单doge]","233","2024-05-03 12:03:13","219649869424","1257585777"
"《崩坏：星穹铁道》千星纪游PV：「假若有一双翅膀」","BV1wz421U7LZ","1353991909","崩坏星穹铁道","2024-05-03 12:00:00","柠檬冰红茶去冰","希望也有人能给加沙地带的孩子带去希望","418","2024-05-03 12:31:36","219654121312","3679798"
"《崩坏：星穹铁道》千星纪游PV：「假若有一双翅膀」","BV1wz421U7LZ","1353991909","崩坏星穹铁道","2024-05-03 12:00:00","shaowanru92","目前世界时局如此纷乱，似乎给这个PV增添了更多现实意义呢，知更鸟这里的话也可以说是同谐价值的代表了吧。","289","2024-05-03 12:15:10","219651684112","10475612"
"《崩坏：星穹铁道》千星纪游PV：「假若有一双翅膀」","BV1wz421U7LZ","1353991909","崩坏星穹铁道","2024-05-03 12:00:00","ZB北洋","我我，到我了[星星眼]","49","2024-05-03 12:01:07","219649425808","1361809506"
"《崩坏：星穹铁道》千星纪游PV：「假若有一双翅膀」","BV1wz421U7LZ","1353991909","崩坏星穹铁道","2024-05-03 12:00:00","七色交响の齐响诗班","知道为什么知更鸟pv到现在才发吗？因为走近星穹是景元，pv是神君，知更鸟虽然可以对全队友拉条，但无法拉神君，所以pv，也就是神君依然一动不动[doge]","280","2024-05-03 12:02:33","219649671184","3546634703079490"
"《崩坏：星穹铁道》千星纪游PV：「假若有一双翅膀」","BV1wz421U7LZ","1353991909","崩坏星穹铁道","2024-05-03 12:00:00","沁封尘","《新闻学魅力时刻》最佳诠释","37","2024-05-03 13:30:14","219662937312","388579973"
"《崩坏：星穹铁道》千星纪游PV：「假若有一双翅膀」","BV1wz421U7LZ","1353991909","崩坏星穹铁道","2024-05-03 12:00:00","脱氧核苷酸C","长翅膀男孩手都要挥出火星子了[脱单doge]","37","2024-05-03 13:28:58","219662871456","12279280"
"《崩坏：星穹铁道》千星纪游PV：「假若有一双翅膀」","BV1wz421U7LZ","1353991909","崩坏星穹铁道","2024-05-03 12:00:00","是谁把我引到这来的","有这么一个角色： 1.钱琛配音 2.5星角色 3.限定 4.都被刀了 5.知名大明星 6.同样是辅助 7.技能给全队增伤 8.米家游戏 9.卡池上半 10都是x.2进卡池 想必大家都知道这个角色是谁了吧，知更鸟：没错，就是…… 芙宁娜：欢唱，以我之名！","1782","2024-05-03 12:18:26","219652111632","413344525"
"《崩坏：星穹铁道》千星纪游PV：「假若有一双翅膀」","BV1wz421U7LZ","1353991909","崩坏星穹铁道","2024-05-03 12:00:00","柘仄柘","nga的各位天才，又整了活","34","2024-05-03 12:47:55","219656657728","1912433303"
"《崩坏：星穹铁道》千星纪游PV：「假若有一双翅膀」","BV1wz421U7LZ","1353991909","崩坏星穹铁道","2024-05-03 12:00:00","狛子vv","兄妹两人的感情明明是对等的，这个千星再次说明了这点，他们互相重视彼此，每次看见有人玩过激妹控的烂梗都很不适……哥哥对妹妹是过激妹控，那妹妹对哥哥的感情就是过激兄控了吗，我没看见有人这么说过，大部分是靠周日的ooc来体现他对妹妹的爱 唉……希望他们俩好好的，不要再被玩什么大明星私生粉丝的烂梗了","67","2024-05-03 12:15:49","219651772864","2965757"
"《崩坏：星穹铁道》千星纪游PV：「假若有一双翅膀」","BV1wz421U7LZ","1353991909","崩坏星穹铁道","2024-05-03 12:00:00","卡卡尼亚的手套","所以知更鸟是因为他人的评价，秩序的干扰导致无法歌唱？或者说知更鸟的歌声来源于同谐，希佩受到某些影响？","60","2024-05-03 12:06:20","219650218112","1737520894"
"《崩坏：星穹铁道》千星纪游PV：「假若有一双翅膀」","BV1wz421U7LZ","1353991909","崩坏星穹铁道","2024-05-03 12:00:00","千雪长川","鸟妈妈翼庇兄妹的画面让我想起了汶川大地震那位用身体保护孩子发诀别短信的妈妈[大哭][大哭]","86","2024-05-03 12:04:21","219650095504","217530501"
"《崩坏：星穹铁道》千星纪游PV：「假若有一双翅膀」","BV1wz421U7LZ","1353991909","崩坏星穹铁道","2024-05-03 12:00:00","剑断梦未醒","不得不放出这个图了[妙啊]","63","2024-05-03 13:16:38","219661147824","443081209"
"《崩坏：星穹铁道》千星纪游PV：「假若有一双翅膀」","BV1wz421U7LZ","1353991909","崩坏星穹铁道","2024-05-03 12:00:00","water_悲秋","你们只看到知更鸟的身影 ，却没看到一开始有6个小孩，最后只有5个","52","2024-05-03 16:08:56","219683536848","17531852"
"《崩坏：星穹铁道》千星纪游PV：「假若有一双翅膀」","BV1wz421U7LZ","1353991909","崩坏星穹铁道","2024-05-03 12:00:00","提瓦特第一盾奶圣嘉然","很久没有被这么彻底击沉了…… 知更鸟的声音从摇摇欲坠的房子里的收音机中发出，传达给战火中的孩子们的时候，我会想到玛丽莲梦露、南丁格尔、迈克尔杰克逊这些闪耀的群星 结合到最近的时事，真的很难绷得住，我们的世界需要的知更鸟不仅仅只是在游戏中","190","2024-05-03 13:28:00","219662663872","51215937"
"《崩坏：星穹铁道》千星纪游PV：「假若有一双翅膀」","BV1wz421U7LZ","1353991909","崩坏星穹铁道","2024-05-03 12:00:00","万抽无金策天凤","假若有一双翅膀，我们便会飞向天空  ——即使，注定有坠落的那一刻。    不必贪恋永恒，不必畏惧刹那。    中文CV：  知更鸟——钱琛 / 歌：Chevy    日文CV：  知更鸟——名冢佳织 / 歌：Chevy    英文CV：  知更鸟——Alice Himora / Song vocals: Chevy    韩文CV：  知更鸟——신온유/ 노래: Chevy","211","2024-05-03 12:01:06","219649467376","310010587"
"《崩坏：星穹铁道》千星纪游PV：「假若有一双翅膀」","BV1wz421U7LZ","1353991909","崩坏星穹铁道","2024-05-03 12:00:00","长空Arklow","符合当今世界局势[大哭] 愿这歌声能穿越时空，愿战争与硝烟不再发生，愿这和平鸽引领真正的和平到来","25","2024-05-03 12:16:14","219651795536","1105161808"
"《崩坏：星穹铁道》千星纪游PV：「假若有一双翅膀」","BV1wz421U7LZ","1353991909","崩坏星穹铁道","2024-05-03 12:00:00","一小乐","[doge]果然呢，银河的歌姬，总是在用歌声带来和平，","78","2024-05-03 12:02:23","219649771120","4158339"
"《崩坏：星穹铁道》千星纪游PV：「假若有一双翅膀」","BV1wz421U7LZ","1353991909","崩坏星穹铁道","2024-05-03 12:00:00","补药刀人啊啊啊","距离知更鸟和托帕总监UP时间还有5天，刷到这条评论的各位我祝你们都能欧气满满拿下知更鸟和总监哦[脱单doge][脱单doge][脱单doge]","65","2024-05-03 12:04:37","219650110944","1732442546"
"《崩坏：星穹铁道》千星纪游PV：「假若有一双翅膀」","BV1wz421U7LZ","1353991909","崩坏星穹铁道","2024-05-03 12:00:00","真是芙了阿","“请把我的歌，带回你的家，请把你的微笑留下” “请把我的歌，带回你的家，请把你的微笑留下” “明天明天这歌声，飞遍海角天涯，飞遍海角天涯” “明天明天这歌声，将是遍野春花，将是遍野春花”  ———《歌声与微笑》[大哭]@煤球吃雷碧","21","2024-05-03 13:24:26","219662146928","1017869272"
"《崩坏：星穹铁道》千星纪游PV：「假若有一双翅膀」","BV1wz421U7LZ","1353991909","崩坏星穹铁道","2024-05-03 12:00:00","星芒煜煜","《假如给我三天和平》 愿世界无战争🙏🙏🙏","53","2024-05-03 12:01:41","219649577120","277379969"
"《崩坏：星穹铁道》千星纪游PV：「假若有一双翅膀」","BV1wz421U7LZ","1353991909","崩坏星穹铁道","2024-05-03 12:00:00","柑楽i","知更鸟小姐演唱会观众采访","47","2024-05-03 12:50:13","219657060656","29646630"
"《崩坏：星穹铁道》千星纪游PV：「假若有一双翅膀」","BV1wz421U7LZ","1353991909","崩坏星穹铁道","2024-05-03 12:00:00","精神酱宏观观测站","知更鸟感觉可以做和平形象大使了","40","2024-05-03 13:43:30","219664847440","257982193"
"《崩坏：星穹铁道》千星纪游PV：「假若有一双翅膀」","BV1wz421U7LZ","1353991909","崩坏星穹铁道","2024-05-03 12:00:00","To_73939133","最后一幕原本的六个孩子只剩五个了（[崩坏3·光辉矢愿_惊]","31","2024-05-03 19:02:12","219709073984","44673206"
"《崩坏：星穹铁道》千星纪游PV：「假若有一双翅膀」","BV1wz421U7LZ","1353991909","崩坏星穹铁道","2024-05-03 12:00:00","一只柳澄子","过了遍剧情，原来这段pv里的知更鸟是真的去了战乱之地帮助饱受战火的孩子们，我鸟真的，哭死","37","2024-05-09 22:16:42","220658223744","196314316"
"《崩坏：星穹铁道》千星纪游PV：「假若有一双翅膀」","BV1wz421U7LZ","1353991909","崩坏星穹铁道","2024-05-03 12:00:00","Eizer","知更鸟这期的立意真的很棒。虽然是经典的人设，但是结合最近现实中发生的事情，真的给我看哭了。。。也想到了马裤螺丝这些老作品的黄金时代。 希望老米多做一些这种有大爱的角色吧。 这比那些买ABO关键词、立嘴臭小鬼人设、硬拉CP卖粉圈的角色立意好太多了。  一个好的游戏真的应该是用各种让人感动的故事和角色去撑起来的。千万不要走把角色塑造成标签人的那种恶臭路线了。。","28","2024-05-03 17:26:51","219694162464","2345013"
"《崩坏：星穹铁道》千星纪游PV：「假若有一双翅膀」","BV1wz421U7LZ","1353991909","崩坏星穹铁道","2024-05-03 12:00:00","KurohaMiu","让我想起了一个哪怕被刺杀也依旧选择开演唱会宣扬反战的歌手[大哭][大哭][大哭]","32","2024-05-03 17:49:05","219697421536","13571654"
"《崩坏：星穹铁道》千星纪游PV：「假若有一双翅膀」","BV1wz421U7LZ","1353991909","崩坏星穹铁道","2024-05-03 12:00:00","红烧鱼ya","假如我是一只鸟，我也会用嘶哑的喉咙歌唱，这被暴风雨所打击着的土地......","32","2024-05-03 13:34:30","219663706448","668079244"
"《崩坏：星穹铁道》千星纪游PV：「假若有一双翅膀」","BV1wz421U7LZ","1353991909","崩坏星穹铁道","2024-05-03 12:00:00","闪电批发328一个","我已经能预想到米哈游会拿知更鸟做农村公益活动了[脱单doge]","31","2024-05-03 13:32:06","219663197312","12918982"
"《崩坏：星穹铁道》千星纪游PV：「假若有一双翅膀」","BV1wz421U7LZ","1353991909","崩坏星穹铁道","2024-05-03 12:00:00","依四不三","我同时厨芙芙和流萤，真的快给弹幕上乱ky她们两位的人整疯了[难过]真的，算我求你们了，我跪下来求你们[大哭]好不好？不要在无关她们两位的视频上乱刷了，这样真的好败坏路人缘[大哭]，我真的真的不希望她们因此被人讨厌[难过](我这条评论也ky了，但如果不说的话，就没地方能说了，对不起各位)(我已经尽力去举报掉这些弹幕了)","32","2024-05-03 14:57:16","219674386304","1545797592"
"《崩坏：星穹铁道》千星纪游PV：「假若有一双翅膀」","BV1wz421U7LZ","1353991909","崩坏星穹铁道","2024-05-03 12:00:00","瑶台雪时序","这才是真正的使一颗心免于哀伤","132","2024-05-03 13:55:30","219666570816","480756997"
"《崩坏：星穹铁道》千星纪游PV：「假若有一双翅膀」","BV1wz421U7LZ","1353991909","崩坏星穹铁道","2024-05-03 12:00:00","17155588774_bili","细节，小朋友们因为战乱和贫苦，虽然他们很喜欢知更鸟，但仅靠信号不良的收音机和墙上破烂模糊的劣质海报根本算不上见过知更鸟长什么样子，所以他们也就没认出知更鸟本人","25","2024-05-03 22:28:22","219742751808","356769378"
"《崩坏：星穹铁道》千星纪游PV：「假若有一双翅膀」","BV1wz421U7LZ","1353991909","崩坏星穹铁道","2024-05-03 12:00:00","Arwanli","Pv中展示的是星期日在哭，知更鸟握住了哥哥的手，是不是在暗示兄妹俩的性格？星期日其实是较弱势的一方，不过后来受秩序影响，逐渐变得强势[原神_嗯]","25","2024-05-03 12:56:18","219657960672","523581363"
"《崩坏：星穹铁道》千星纪游PV：「假若有一双翅膀」","BV1wz421U7LZ","1353991909","崩坏星穹铁道","2024-05-03 12:00:00","路过的假面Rid","鸟妈妈这危险的发型，大概是寄了[墨镜]","24","2024-05-03 12:20:44","219652372752","178047416"
"《崩坏：星穹铁道》千星纪游PV：「假若有一双翅膀」","BV1wz421U7LZ","1353991909","崩坏星穹铁道","2024-05-03 12:00:00","ERIC小T","因为知更鸟开大了，所以项目组被拉条，提前放出了千星纪游","23","2024-05-04 18:16:00","219866610576","1529840816"
"《崩坏：星穹铁道》千星纪游PV：「假若有一双翅膀」","BV1wz421U7LZ","1353991909","崩坏星穹铁道","2024-05-03 12:00:00","-Pygmalion-","他宝贝了个腿的，很难想象当时前线是哪个不长眼的小可爱给我鸟脖子来了一枪。他呜呜伯的，我鸟这么人美心善，嗓这么好听也舍得打，真的好心疼，宝了个贝的，让我发现哪个宝贝敢打我鸟，老子一枪爱死他","32","2024-05-09 13:24:37","220586761744","1992237850"
"《崩坏：星穹铁道》千星纪游PV：「假若有一双翅膀」","BV1wz421U7LZ","1353991909","崩坏星穹铁道","2024-05-03 12:00:00","没饭吃的梦娃","星期日进不进池子啊，真的好可爱的小鸟，两只我都想要啊啊啊啊啊，想要星期日[星星眼]","29","2024-05-03 15:24:07","219677751280","12032906"
"《崩坏：星穹铁道》千星纪游PV：「假若有一双翅膀」","BV1wz421U7LZ","1353991909","崩坏星穹铁道","2024-05-03 12:00:00","未期Breakable","虽然不应该乱说现实，但是看完知更鸟的PV再看看如今的国际局势和那些人正在遭受的苦难。 我希望她的歌能传唱到更远的地方，也希望这个世界上能有更多一样她这样的人。 希望每个孩子都能实现愿望，露出笑容 我的心愿是——世界和平","22","2024-05-04 14:56:33","219838485232","34542570"
"《崩坏：星穹铁道》千星纪游PV：「假若有一双翅膀」","BV1wz421U7LZ","1353991909","崩坏星穹铁道","2024-05-03 12:00:00","星矢不落窠臼","我有个建议，是同属性的行迹材料可以以1比1的形式互换。况且我估计以后同属性材料会越来越多，这样很容易导致玩家刷错，同意我的顶我一下，谢谢！（别问我为什么提，问就是刷错了[大哭]）","135","2024-05-03 12:31:24","219654110640","1767572166"
"《崩坏：星穹铁道》千星纪游PV：「假若有一双翅膀」","BV1wz421U7LZ","1353991909","崩坏星穹铁道","2024-05-03 12:00:00","这破名字要了我6个币","这位朋友，请问你是否承认寰宇歌者知更鸟小姐，美貌举世无双[星星眼]","20","2024-05-03 12:18:12","219652065152","1952451544"
"《崩坏：星穹铁道》千星纪游PV：「假若有一双翅膀」","BV1wz421U7LZ","1353991909","崩坏星穹铁道","2024-05-03 12:00:00","妤枧_","开拓者，我想听那个[星星眼]","17","2024-05-03 12:00:46","219649404064","1024649572"
"《崩坏：星穹铁道》千星纪游PV：「假若有一双翅膀」","BV1wz421U7LZ","1353991909","崩坏星穹铁道","2024-05-03 12:00:00","香辣无骨风爪","唱歌的知更鸟[doge]","16","2024-05-03 12:24:14","219653047360","270171434"
"《崩坏：星穹铁道》千星纪游PV：「假若有一双翅膀」","BV1wz421U7LZ","1353991909","崩坏星穹铁道","2024-05-03 12:00:00","宅男不是肥宅","各位 今天到我了","39","2024-05-03 12:01:24","219649482240","24338472"
"《崩坏：星穹铁道》千星纪游PV：「假若有一双翅膀」","BV1wz421U7LZ","1353991909","崩坏星穹铁道","2024-05-03 12:00:00","華舉","01:51 🌿，流汗黄豆难绷[笑哭]","15","2024-05-03 12:03:41","219649897936","347426941"
"《崩坏：星穹铁道》千星纪游PV：「假若有一双翅膀」","BV1wz421U7LZ","1353991909","崩坏星穹铁道","2024-05-03 12:00:00","但愿星辰雪","家人们5月7日20：30知更鸟要开启首次慢直播，赞美知更鸟，鸟门永存！[保佑]","15","2024-05-03 20:36:23","219723967520","3493287371475679"
"《崩坏：星穹铁道》千星纪游PV：「假若有一双翅膀」","BV1wz421U7LZ","1353991909","崩坏星穹铁道","2024-05-03 12:00:00","゚崩坏3第一偶像薇塔","琪……琪亚娜[哦呼]","14","2024-05-03 13:03:46","219659142416","511089955"
"《崩坏：星穹铁道》千星纪游PV：「假若有一双翅膀」","BV1wz421U7LZ","1353991909","崩坏星穹铁道","2024-05-03 12:00:00","花开花落散落如雨","到我了！！","14","2024-05-03 12:02:06","219649599776","3493084167932347"
"《崩坏：星穹铁道》千星纪游PV：「假若有一双翅膀」","BV1wz421U7LZ","1353991909","崩坏星穹铁道","2024-05-03 12:00:00","黎明雷霆","假若有一双翅膀，我们便会飞向天空  ——即使，注定有坠落的那一刻。    不必贪恋永恒，不必畏惧刹那。    中文CV：  知更鸟——钱琛 / 歌：Chevy    日文CV：  知更鸟——名冢佳织 / 歌：Chevy    英文CV：  知更鸟——Alice Himora / Song vocals: Chevy    韩文CV：  知更鸟——신온유/ 노래: Chevy","29","2024-05-03 12:00:42","219649399696","648049658"
"《崩坏：星穹铁道》千星纪游PV：「假若有一双翅膀」","BV1wz421U7LZ","1353991909","崩坏星穹铁道","2024-05-03 12:00:00","HITACHI_瑠音","如果把知更鸟理解成某曾经遭受侵略战乱并在重新站起来后吸引世界目光却时长遭受诋毁的东方大国，孩子们是现在仍在饱受战乱地区的人们，或许这个PV会给人更加不一样的感觉","129","2024-05-03 14:23:17","219670187888","36184768"
"《崩坏：星穹铁道》千星纪游PV：「假若有一双翅膀」","BV1wz421U7LZ","1353991909","崩坏星穹铁道","2024-05-03 12:00:00","小泽-梦","哪个.....我也想要(","13","2024-05-03 12:01:04","219649543872","673685324"
"《崩坏：星穹铁道》千星纪游PV：「假若有一双翅膀」","BV1wz421U7LZ","1353991909","崩坏星穹铁道","2024-05-03 12:00:00","情缘陌陌","[笑哭]原来天环族头上的环儿是可以摘下来的。","13","2024-05-03 14:29:31","219670984896","296541242"
"《崩坏：星穹铁道》千星纪游PV：「假若有一双翅膀」","BV1wz421U7LZ","1353991909","崩坏星穹铁道","2024-05-03 12:00:00","要一起看片吗","与此同时，另一边……","13","2024-05-03 14:12:26","219668774608","3546592760039608"
"《崩坏：星穹铁道》千星纪游PV：「假若有一双翅膀」","BV1wz421U7LZ","1353991909","崩坏星穹铁道","2024-05-03 12:00:00","Iluvatar","想起了一位故人[墨镜]","13","2024-05-03 12:28:55","219653769056","2668231"
"《崩坏：星穹铁道》千星纪游PV：「假若有一双翅膀」","BV1wz421U7LZ","1353991909","崩坏星穹铁道","2024-05-03 12:00:00","唯爱坂上智代","偶然间看到的","12","2024-05-06 00:19:03","220091790288","324096033"
"《崩坏：星穹铁道》千星纪游PV：「假若有一双翅膀」","BV1wz421U7LZ","1353991909","崩坏星穹铁道","2024-05-03 12:00:00","鄞骅","星期日和知更鸟，耳翅🈶可以这么大吗[给心心][给心心][给心心][给心心]","12","2024-05-03 12:06:40","219650234784","357835968"
"《崩坏：星穹铁道》千星纪游PV：「假若有一双翅膀」","BV1wz421U7LZ","1353991909","崩坏星穹铁道","2024-05-03 12:00:00","西部传奇点子王牢达奇","我替施主把把脉[doge]","11","2024-05-03 12:44:26","219656067424","632826062"
"《崩坏：星穹铁道》千星纪游PV：「假若有一双翅膀」","BV1wz421U7LZ","1353991909","崩坏星穹铁道","2024-05-03 12:00:00","冥华浮生","那个...[脱单doge]","11","2024-05-03 12:02:11","219649651040","1359707164"
"《崩坏：星穹铁道》千星纪游PV：「假若有一双翅膀」","BV1wz421U7LZ","1353991909","崩坏星穹铁道","2024-05-03 12:00:00","粉红公主","难怪找May'N宣传了","11","2024-05-03 14:13:36","219668991280","15214719"
"《崩坏：星穹铁道》千星纪游PV：「假若有一双翅膀」","BV1wz421U7LZ","1353991909","崩坏星穹铁道","2024-05-03 12:00:00","OKzzqyhggbhhn","这几天一个对一个名为“老王”的伊拉克籍博主的访谈在全网爆火，他在访谈讲到他第一个学会的两个汉字，便是“爱”与“和平”。看着他有些心酸的笑容。如果结合这个Pv的开头便令我想起了去年夏天。我在家里看“科隆游戏展”的直播时。今我印象最深的可能就是《黑神话悟空》的中文预告片与蔡浩宇先生在用中文介绍《绝区零》与米哈游企业文化的演讲……就在我看到蔡喵演讲的那一部分时。我的父亲走进了客厅。打开了电视，电视正好在放午间新闻。那几条新闻讲得是有关俄乌战争与中东局势的内容……我的父亲感叹了一句：“这个世界简直乱套了，美国人成天到晚在四处搅局……”那个时候我也觉得：哇，这个世界简直魔幻……中国、中东地区、乌克兰三者均在同一颗星球上。但是，我的祖国已经有实力与时间去制造各种文化产品来满足人们的精神需求并在国际上用自己的语言宣传自己的文化艺术。而在同时在世界另一个角落的人们却还在废墟与硝烟之中瑟瑟发抖，提心吊胆的祈祷自己还可以看到明天的太阳……   这一切突然让我想起了电影《长津湖》中的那一句台词：“我们去打这场仗，是为了让我们的孩子不要再经受战火……”这句话是多么的伟大！   感谢伟人、感谢祖国也感谢先烈们的牺牲……愿世界和平！🙏🕯️🕯️🕯️","12","2024-05-08 21:48:57","220503785072","1533507041"
"《崩坏：星穹铁道》千星纪游PV：「假若有一双翅膀」","BV1wz421U7LZ","1353991909","崩坏星穹铁道","2024-05-03 12:00:00","配音的兮芸酱awa","不大会画[妙啊]","11","2024-05-08 20:38:50","220492837872","1401325897"
"《崩坏：星穹铁道》千星纪游PV：「假若有一双翅膀」","BV1wz421U7LZ","1353991909","崩坏星穹铁道","2024-05-03 12:00:00","仙人-555","很抱歉知更鸟，我可能因为打不过星期日见不到你了，就此别过[酸了]","19","2024-05-09 00:50:02","220530965504","496082019"
"《崩坏：星穹铁道》千星纪游PV：「假若有一双翅膀」","BV1wz421U7LZ","1353991909","崩坏星穹铁道","2024-05-03 12:00:00","0xFFFurina","我想到了世界上还有地方正在发生着残酷的战争，我也看到身边有人即使身在所谓的“同谐”之邦的富足中，也没有忘记为那些苦难之中的人民奔走呼号，这才是真正的的同谐吧","19","2024-05-03 14:48:53","219673530800","388408084"
"《崩坏：星穹铁道》千星纪游PV：「假若有一双翅膀」","BV1wz421U7LZ","1353991909","崩坏星穹铁道","2024-05-03 12:00:00","不变的橙子哎","比我想象中沉重的PV，现实在幻想的对立面，我们所期望的美好和平的世界，哪怕在虚拟世界也无法实现。但也总有人在为之努力，再为世界创造希望。 知更鸟并不是初印象中闪闪发光，无忧无虑的家族大小姐，而是一个努力追梦，善良勇敢的女孩子，是一只渴望自由与和平的小鸟[保卫萝卜_哇]更加喜欢她了 希望我们孩童时期最真挚美好的梦想都能被实现！","19","2024-05-03 12:19:12","219652281936","3493119890819978"
"《崩坏：星穹铁道》千星纪游PV：「假若有一双翅膀」","BV1wz421U7LZ","1353991909","崩坏星穹铁道","2024-05-03 12:00:00","没磕到","天，知更鸟好棒[打call]以及这冰系赛诺不削能玩？到处都是[脱单doge]","20","2024-05-03 12:31:33","219654050432","1364250218"
"《崩坏：星穹铁道》千星纪游PV：「假若有一双翅膀」","BV1wz421U7LZ","1353991909","崩坏星穹铁道","2024-05-03 12:00:00","吃西瓜的群众大大","想起这个图了[委屈]","12","2024-05-03 14:14:45","219669128704","386774428"
"《崩坏：星穹铁道》千星纪游PV：「假若有一双翅膀」","BV1wz421U7LZ","1353991909","崩坏星穹铁道","2024-05-03 12:00:00","邪龙救世-月暗轮回","其实鸟儿并不自由，他们是为了捕食才不停的飞行，是人类把想自由的梦想强灌给了鸟儿—— Nexus","17","2024-05-03 12:05:02","219650134032","387137671"
"《崩坏：星穹铁道》千星纪游PV：「假若有一双翅膀」","BV1wz421U7LZ","1353991909","崩坏星穹铁道","2024-05-03 12:00:00","心苟欲久莫回首","那些孩子怕不是支线剧情那个被卖两头军火的背景星球","16","2024-05-03 13:44:58","219665027296","113432370"
"《崩坏：星穹铁道》千星纪游PV：「假若有一双翅膀」","BV1wz421U7LZ","1353991909","崩坏星穹铁道","2024-05-03 12:00:00","长不大的巫妖王","知更鸟家真名是不是姓星野[doge]","18","2024-05-03 14:08:06","219668202816","32627073"
"《崩坏：星穹铁道》千星纪游PV：「假若有一双翅膀」","BV1wz421U7LZ","1353991909","崩坏星穹铁道","2024-05-03 12:00:00","x约修亚x","戰爭是很殘酷的。最後那5個小孩的畫面，少了一個。。裡應是6個小孩的。","16","2024-05-03 14:31:15","219671116416","192465698"
"《崩坏：星穹铁道》千星纪游PV：「假若有一双翅膀」","BV1wz421U7LZ","1353991909","崩坏星穹铁道","2024-05-03 12:00:00","改名转运的路玦梦","米哈游，年轻人的整点计时器[doge]","16","2024-05-03 12:00:48","219649405696","229566111"
"《崩坏：星穹铁道》千星纪游PV：「假若有一双翅膀」","BV1wz421U7LZ","1353991909","崩坏星穹铁道","2024-05-03 12:00:00","二阶堂-真红","知更鸟小姐的人设更加立体丰满了，喜欢🥰","17","2024-05-03 12:04:06","219650082448","3493284812949928"
"《崩坏：星穹铁道》千星纪游PV：「假若有一双翅膀」","BV1wz421U7LZ","1353991909","崩坏星穹铁道","2024-05-03 12:00:00","一只白name","我严重的怀疑这是再拍反战争公益片[思考]","15","2024-05-03 16:45:40","219688409792","2128785722"
"《崩坏：星穹铁道》千星纪游PV：「假若有一双翅膀」","BV1wz421U7LZ","1353991909","崩坏星穹铁道","2024-05-03 12:00:00","巴黎着火","想起了那些正处于战争中的国家，巴勒斯坦，以，乌，希望哪里的孩子们也能安然歌唱…","15","2024-05-03 18:56:15","219707994288","1603856062"
"《崩坏：星穹铁道》千星纪游PV：「假若有一双翅膀」","BV1wz421U7LZ","1353991909","崩坏星穹铁道","2024-05-03 12:00:00","是tao-","呜呜宝宝们，感觉下版本你俩会好虐啊","15","2024-05-03 13:13:43","219660551344","347221014"
"《崩坏：星穹铁道》千星纪游PV：「假若有一双翅膀」","BV1wz421U7LZ","1353991909","崩坏星穹铁道","2024-05-03 12:00:00","wkw296636610","知更鸟小姐对这破演艺圈还是太温柔了 此时此刻身后的哥哥耳机里放的是周董的四面楚歌[OK]","16","2024-05-03 21:06:54","219728914896","122567"
"《崩坏：星穹铁道》千星纪游PV：「假若有一双翅膀」","BV1wz421U7LZ","1353991909","崩坏星穹铁道","2024-05-03 12:00:00","星海无涯寰宇有缘","假若有一双翅膀，我们便会飞向天空  ——即使，注定有坠落的那一刻。    不必贪恋永恒，不必畏惧刹那。    中文CV：  知更鸟——钱琛 / 歌：Chevy    日文CV：  知更鸟——名冢佳织 / 歌：Chevy    英文CV：  知更鸟——Alice Himora / Song vocals: Chevy    韩文CV：  知更鸟——신온유/ 노래: Chevy","20","2024-05-03 12:00:59","219649538240","3493117221145569"
"《崩坏：星穹铁道》千星纪游PV：「假若有一双翅膀」","BV1wz421U7LZ","1353991909","崩坏星穹铁道","2024-05-03 12:00:00","一只0918","目前每个限五同协居然都有千星纪游pv[坎公骑冠剑_嗯!]","14","2024-05-03 16:24:42","219685621216","399751162"
"《崩坏：星穹铁道》千星纪游PV：「假若有一双翅膀」","BV1wz421U7LZ","1353991909","崩坏星穹铁道","2024-05-03 12:00:00","万抽无金策天凤","本视频讲述了一位音乐人的故事，他的音乐启蒙来自母亲，而母亲也在灾难中去世。尽管他曾想过逃离，但最终还是停下了脚步，选择面对镜头和听众，保护自己和别人，实现自己的愿望和为别人实现愿望。最后，他祝愿大家在盛会中再次相遇。","20","2024-05-03 12:01:32","219649569968","310010587"
"《崩坏：星穹铁道》千星纪游PV：「假若有一双翅膀」","BV1wz421U7LZ","1353991909","崩坏星穹铁道","2024-05-03 12:00:00","凤凰台热","真的很有感触，很多缺乏信息渠道或思考能力的人会根据个别节奏而盲目跟风。希望教育能赶得上时代发展吧。","14","2024-05-03 22:01:43","219738128960","313269825"
"《崩坏：星穹铁道》千星纪游PV：「假若有一双翅膀」","BV1wz421U7LZ","1353991909","崩坏星穹铁道","2024-05-03 12:00:00","趴着睡手总麻","宝宝，你是一只特别好的小鸟宝宝[委屈][委屈]","14","2024-05-03 21:11:32","219729705328","446162033"
"《崩坏：星穹铁道》千星纪游PV：「假若有一双翅膀」","BV1wz421U7LZ","1353991909","崩坏星穹铁道","2024-05-03 12:00:00","炸鱼判什么罪","盲猜龟吧会用陌生男子带知更鸟节奏🤣","20","2024-05-03 21:09:20","219729196112","395702264"
"《崩坏：星穹铁道》千星纪游PV：「假若有一双翅膀」","BV1wz421U7LZ","1353991909","崩坏星穹铁道","2024-05-03 12:00:00","补钙全靠晒太阳","本pv修复了部分玩家2.2不抽知更鸟的bug","14","2024-05-03 14:47:23","219673156608","514488651"
"《崩坏：星穹铁道》千星纪游PV：「假若有一双翅膀」","BV1wz421U7LZ","1353991909","崩坏星穹铁道","2024-05-03 12:00:00","杰克丘吉尔汗","那个车祸发生的时候我想到了被记者追逐出车祸的戴安娜[辣眼睛]","14","2024-05-03 13:33:02","219663340784","298365150"
"《崩坏：星穹铁道》千星纪游PV：「假若有一双翅膀」","BV1wz421U7LZ","1353991909","崩坏星穹铁道","2024-05-03 12:00:00","今天是我的新生","好帅啊知更鸟，可以看出知更鸟从小就是个坚强乐观的小女孩。在幼时灾难的时候，她没有像星期日一样哭泣，反而坚定地握住了哥哥的手；刚刚当歌手被狗仔追拍时还清醒地摆脱了狗仔。到现在知更鸟还在为和哥哥共同的愿望而努力，真的是个很励志的角色呢。","10","2024-05-03 23:35:18","219754307456","3494366412802141"
"《崩坏：星穹铁道》千星纪游PV：「假若有一双翅膀」","BV1wz421U7LZ","1353991909","崩坏星穹铁道","2024-05-03 12:00:00","长安0210","弹幕ky芙宁娜的好没礼貌，我也是双厨，但是在一个游戏的角色底下说她像另一个游戏的角色真的很败好感","19","2024-05-04 13:17:07","219824917408","672494411"
"《崩坏：星穹铁道》千星纪游PV：「假若有一双翅膀」","BV1wz421U7LZ","1353991909","崩坏星穹铁道","2024-05-03 12:00:00","゙Vladilena","感觉星期日属于那种 有人不喜欢自己的妹妹：没品的东西 有人喜欢上自己的妹妹：不是哥们就你还喜欢上了","14","2024-05-05 18:02:32","220032605056","479973409"
"《崩坏：星穹铁道》千星纪游PV：「假若有一双翅膀」","BV1wz421U7LZ","1353991909","崩坏星穹铁道","2024-05-03 12:00:00","是月丷","你若折断我妹翅膀，我必定毁你天堂😡😡","13","2024-05-03 18:29:03","219703930960","162003603"
"《崩坏：星穹铁道》千星纪游PV：「假若有一双翅膀」","BV1wz421U7LZ","1353991909","崩坏星穹铁道","2024-05-03 12:00:00","香草味的lollipop","假若有一双翅膀，那我能不能加入星期四套餐[tv_害羞]","13","2024-05-03 15:06:40","219675651264","1448842777"
"《崩坏：星穹铁道》千星纪游PV：「假若有一双翅膀」","BV1wz421U7LZ","1353991909","崩坏星穹铁道","2024-05-03 12:00:00","七色交响の齐响诗班","希望有的人知道不要觉得知更鸟什么都不知道，觉得知更鸟是一个被哥哥惯坏的乖乖女什么都不知道，这样子知更鸟也不会高兴的，我只能说你想多了真的，知更鸟可以说就相当于隔壁的神里绫华了好吧？虽然被哥哥惯着，但是也在主动帮忙分担家事，看过知更鸟给哥哥写的几封信就知道，知更鸟是在帮哥哥所有的事情都很积极，哪怕有的事情和自己没关系，比如家族出现问题和匹诺康尼出现问题，他都尽可能的在帮哥哥分担，包括最后的信，也是知更鸟在质疑内部出现内鬼了，所以知更鸟真的没你们想的那么一无所知真的，我能理解知更鸟和芙芙是一个cv所以有人玩梗，但玩梗适度，切勿ooc了，而且芙芙他也不傻，芙芙也不是什么一无所知，他演戏演了500年你猜猜是为什么，你猜为什么芙卡洛斯对芙宁娜说他辛苦了，你猜为什么芙宁娜在500年里面有的时候都在哭，你看角色可爱，看角色有点憨的可以调侃，但真别当真了，包括三月七，他看起来不靠谱，实际上三月七也是想和丹恒一样在想着所有人并且帮上忙，要真的看角色不太聪明就真的觉得他啥都不懂的话 那我老婆也话说 小圆：？[藏狐]","13","2024-05-03 12:17:52","219652086128","3546634703079490"
"《崩坏：星穹铁道》千星纪游PV：「假若有一双翅膀」","BV1wz421U7LZ","1353991909","崩坏星穹铁道","2024-05-03 12:00:00","珉邱","愿在加沙的每一颗心都能免于哀伤","14","2024-05-04 11:37:17","219809336336","516431409"
"《崩坏：星穹铁道》千星纪游PV：「假若有一双翅膀」","BV1wz421U7LZ","1353991909","崩坏星穹铁道","2024-05-03 12:00:00","-----天天向上-----","小学的时候有个好看很阳光的女英语老师，最后选择去当乡村教师，放弃了城市的生活。到现在，我已经快记不清样貌了，但她还是像一束阳光一样温暖着我","14","2024-05-03 14:41:06","219672448448","38681925"
"《崩坏：星穹铁道》千星纪游PV：「假若有一双翅膀」","BV1wz421U7LZ","1353991909","崩坏星穹铁道","2024-05-03 12:00:00","凉鞋配袜","星期日小时候胆子有点小，妹妹都没有哭，我却发现了他在哭。好可爱的小鸟，让我抱抱！！[害羞][害羞]","14","2024-05-03 13:04:40","219659287136","3546611485509823"
"《崩坏：星穹铁道》千星纪游PV：「假若有一双翅膀」","BV1wz421U7LZ","1353991909","崩坏星穹铁道","2024-05-03 12:00:00","生菜不夹生","很好的千星纪PV，让我想起一位故人[大哭]","9","2024-05-03 19:27:01","219712984176","33430123"
"《崩坏：星穹铁道》千星纪游PV：「假若有一双翅膀」","BV1wz421U7LZ","1353991909","崩坏星穹铁道","2024-05-03 12:00:00","我只是个路过的捷德","怕不是暗示神主日把兄妹两人都给合进去了[思考]","9","2024-05-03 12:08:02","219650461776","224723034"
"《崩坏：星穹铁道》千星纪游PV：「假若有一双翅膀」","BV1wz421U7LZ","1353991909","崩坏星穹铁道","2024-05-03 12:00:00","水帘洞执事","在基督教的故事里，当耶稣被钉在十字架上时，飞来的知更鸟用歌声为耶稣缓解痛苦，现实中的的知更鸟腹部是红色的，据说是染上了耶稣的鲜血。而剧情里的知更鸟又会染上谁的鲜血呢。","14","2024-05-03 13:44:26","219665003888","1364677870"
"《崩坏：星穹铁道》千星纪游PV：「假若有一双翅膀」","BV1wz421U7LZ","1353991909","崩坏星穹铁道","2024-05-03 12:00:00","A哩易拉漫","当cv那一行里总会出现chevy时你就能明白她的伟大之处了我的朋友[大哭]","14","2024-05-03 12:06:44","219650309136","433375127"
"《崩坏：星穹铁道》千星纪游PV：「假若有一双翅膀」","BV1wz421U7LZ","1353991909","崩坏星穹铁道","2024-05-03 12:00:00","吾以此刀为誓","让我看看是哪些黑粉在说话[阴险]宝了个贝的，我今天就喵了你，让你知道什么是喵喵。宝贝了个腿的，敢造我小鸟的谣，我看你是喵喵喵了。[阴险][阴险][阴险][阴险]","15","2024-05-04 07:10:46","219782675776","602586582"
"《崩坏：星穹铁道》千星纪游PV：「假若有一双翅膀」","BV1wz421U7LZ","1353991909","崩坏星穹铁道","2024-05-03 12:00:00","鸭门---","我算是知道黄泉为什么要来匹诺康尼了[doge]","9","2024-05-04 19:30:37","219878908688","2140080208"
"《崩坏：星穹铁道》千星纪游PV：「假若有一双翅膀」","BV1wz421U7LZ","1353991909","崩坏星穹铁道","2024-05-03 12:00:00","及川彻哪也不去","[脱单doge]","9","2024-05-03 13:05:58","219659359696","14199431"
"《崩坏：星穹铁道》千星纪游PV：「假若有一双翅膀」","BV1wz421U7LZ","1353991909","崩坏星穹铁道","2024-05-03 12:00:00","澂莹","假若有一双翅膀，我们便会飞向天空  ——即使，注定有坠落的那一刻。    不必贪恋永恒，不必畏惧刹那。    中文CV：  知更鸟——钱琛 / 歌：Chevy    日文CV：  知更鸟——名冢佳织 / 歌：Chevy    英文CV：  知更鸟——Alice Himora / Song vocals: Chevy    韩文CV：  知更鸟——신온유/ 노래: Chevy","15","2024-05-03 12:02:23","219649661856","454804984"
"《崩坏：星穹铁道》千星纪游PV：「假若有一双翅膀」","BV1wz421U7LZ","1353991909","崩坏星穹铁道","2024-05-03 12:00:00","说的话知道不","星铁痛失以色列市场[吃瓜]","12","2024-05-07 13:57:58","220296908912","14313345"
"《崩坏：星穹铁道》千星纪游PV：「假若有一双翅膀」","BV1wz421U7LZ","1353991909","崩坏星穹铁道","2024-05-03 12:00:00","暗夜流浪者大人","如果米忽悠来西安开音乐会，我就cos知更鸟[妙啊]","12","2024-05-04 23:06:28","219915106816","521055204"
"《崩坏：星穹铁道》千星纪游PV：「假若有一双翅膀」","BV1wz421U7LZ","1353991909","崩坏星穹铁道","2024-05-03 12:00:00","眠眠大狗勾","也许巴勒斯坦的孩子们也在憧憬着","12","2024-05-04 12:39:55","219819142000","688260606"
"《崩坏：星穹铁道》千星纪游PV：「假若有一双翅膀」","BV1wz421U7LZ","1353991909","崩坏星穹铁道","2024-05-03 12:00:00","苟富贵活几天","等下我现在超级在意头上那个环到底能不能摘下来[笑哭][吃瓜][思考]","12","2024-05-03 17:31:12","219694639152","2100395768"
"《崩坏：星穹铁道》千星纪游PV：「假若有一双翅膀」","BV1wz421U7LZ","1353991909","崩坏星穹铁道","2024-05-03 12:00:00","萨特杜亚","报！昨晚大漂亮刚刚扫荡哥伦比亚大学支持巴勒斯坦的学生营地抓捕大约100名反战学生！！！可以说牢米现在反战宣传点到为止刚刚好[热词系列_哇酷哇酷]","12","2024-05-03 12:24:32","219653120640","526924488"
"《崩坏：星穹铁道》千星纪游PV：「假若有一双翅膀」","BV1wz421U7LZ","1353991909","崩坏星穹铁道","2024-05-03 12:00:00","尜呆子","反战的主题真不错，就怕那些人种又要跳出来抵制[无语][无语][无语]","12","2024-05-03 14:24:44","219670482800","859133"
"《崩坏：星穹铁道》千星纪游PV：「假若有一双翅膀」","BV1wz421U7LZ","1353991909","崩坏星穹铁道","2024-05-03 12:00:00","喜欢正太是一种美德","周日哥，你小时候好香，知更鸟好漂亮[星星眼]","13","2024-05-03 15:57:50","219681997680","357784088"
"《崩坏：星穹铁道》千星纪游PV：「假若有一双翅膀」","BV1wz421U7LZ","1353991909","崩坏星穹铁道","2024-05-03 12:00:00","云尾极灯","该不会星期日承诺的我们一起，就是变成神主日给知更鸟放伴奏吧（？","13","2024-05-03 14:58:06","219674645952","538821310"
"《崩坏：星穹铁道》千星纪游PV：「假若有一双翅膀」","BV1wz421U7LZ","1353991909","崩坏星穹铁道","2024-05-03 12:00:00","Claire阿夏","希望知更鸟和星期日都不会有事[微笑]兄妹就应该在一起不可以分开！！我不允许！！！","13","2024-05-03 12:42:03","219655673936","11904249"
"《崩坏：星穹铁道》千星纪游PV：「假若有一双翅膀」","BV1wz421U7LZ","1353991909","崩坏星穹铁道","2024-05-03 12:00:00","谜v","《假如我能使一颗心免于破碎》  ——艾米利·狄金森（美国）  假如我能使一颗心免于破碎  我便没有白活一场  假如我能消除一个人的痛苦  或者平息一个人的悲伤  或者帮助一只昏迷的知更鸟  重新回到它的巢中  我便没有虚度此生","13","2024-05-03 16:54:12","219689359728","597775497"
"《崩坏：星穹铁道》千星纪游PV：「假若有一双翅膀」","BV1wz421U7LZ","1353991909","崩坏星穹铁道","2024-05-03 12:00:00","Carlh","我一直很在意一个事，星期日睡觉的时候，头上的光环不硌得慌么hhh[藏狐]","13","2024-05-03 23:50:01","219756468080","1518109"
"《崩坏：星穹铁道》千星纪游PV：「假若有一双翅膀」","BV1wz421U7LZ","1353991909","崩坏星穹铁道","2024-05-03 12:00:00","豹豹猫猫吃芝士汉堡","钱琛老师真厉害，配的两个角色都是各自的大明星，人气很高","15","2024-05-03 18:37:32","219705167888","364798761"
"《崩坏：星穹铁道》千星纪游PV：「假若有一双翅膀」","BV1wz421U7LZ","1353991909","崩坏星穹铁道","2024-05-03 12:00:00","荀桉ぉ","他宝贝的，是谁打中的我老婆！！！[大哭]","11","2024-05-09 15:56:33","220603632768","2068477441"
"《崩坏：星穹铁道》千星纪游PV：「假若有一双翅膀」","BV1wz421U7LZ","1353991909","崩坏星穹铁道","2024-05-03 12:00:00","艾路","看着看着，想到了战火纷飞的加沙，愿世界恢复和平，愿美以早入地狱。。。。[撇嘴]","11","2024-05-04 00:46:21","219764118656","72996"
"《崩坏：星穹铁道》千星纪游PV：「假若有一双翅膀」","BV1wz421U7LZ","1353991909","崩坏星穹铁道","2024-05-03 12:00:00","只能上火的龙崎明","在看的时候，突然感觉……有点像巴勒斯坦的小孩子们……","11","2024-05-03 18:39:51","219705513104","7830375"
"《崩坏：星穹铁道》千星纪游PV：「假若有一双翅膀」","BV1wz421U7LZ","1353991909","崩坏星穹铁道","2024-05-03 12:00:00","天空岛的愚者","说不定可以根据简介反推一下星期日的想法。 假若飞向天空，便注定有坠落的那一刻，那星期日可能会更希望把鸟儿关进笼子里。  飞向天空是追求自由，走向未来，哪怕粉身碎骨也在所不惜。啊，为什么听起来像是开拓）[海虎表情包_想象力] 关进笼子是相对消极的自保，如果飞向天空就意味着坠落然后粉身碎骨，那一开始就不要飞啊。[海虎武神系列 表情包_好笑]  不过星期日看起来是个会为了妹妹在一定程度上放弃原则的人，我的意思是，他会把除了妹妹以外的其它人以保护的名义关进笼子里。[海虎表情包_有点极端了]","11","2024-05-03 13:02:41","219658855008","173323339"
"《崩坏：星穹铁道》千星纪游PV：「假若有一双翅膀」","BV1wz421U7LZ","1353991909","崩坏星穹铁道","2024-05-03 12:00:00","怯弱的雪","陌生男子频繁出入知更鸟的家，笑死，学新闻学的。星期日：“坏了，我成陌生男子了。”[doge]","13","2024-05-07 16:19:28","220311335424","4523418"
"《崩坏：星穹铁道》千星纪游PV：「假若有一双翅膀」","BV1wz421U7LZ","1353991909","崩坏星穹铁道","2024-05-03 12:00:00","小智魂","旁边是战争的报道让后看见这个视频真的头皮发麻","8","2024-05-05 13:37:17","219995959376","304918244"
"《崩坏：星穹铁道》千星纪游PV：「假若有一双翅膀」","BV1wz421U7LZ","1353991909","崩坏星穹铁道","2024-05-03 12:00:00","因为毛绒是最棒的","被压播放量了？？？昨天晚上不是172万吗？？？？？","12","2024-05-04 08:38:18","219788342880","662841780"
"《崩坏：星穹铁道》千星纪游PV：「假若有一双翅膀」","BV1wz421U7LZ","1353991909","崩坏星穹铁道","2024-05-03 12:00:00","成长记存在于此","想保护别人的自己（理解）   想包容别人的自己（包容）    想为别人实现愿望的自己（支持）  『理解』『包容』『支持』是『同谐』命途的体现。     知更鸟的所作所为完全体现了真正的『同谐』命途，与匹诺康尼的杂音（虚假的同谐信仰）形成了鲜明的对比。 02:52","8","2024-05-03 17:47:12","219697177552","3461566913579127"
"《崩坏：星穹铁道》千星纪游PV：「假若有一双翅膀」","BV1wz421U7LZ","1353991909","崩坏星穹铁道","2024-05-03 12:00:00","用户未失联","宝宝你是一只酷酷鸟[给心心]","8","2024-05-03 15:08:50","219675902672","1235777261"
"《崩坏：星穹铁道》千星纪游PV：「假若有一双翅膀」","BV1wz421U7LZ","1353991909","崩坏星穹铁道","2024-05-03 12:00:00","行星子思维","[脱单doge]此身为歌（这张真的很像镜流专武）","8","2024-05-03 14:31:56","219671235904","1993605687"
"《崩坏：星穹铁道》千星纪游PV：「假若有一双翅膀」","BV1wz421U7LZ","1353991909","崩坏星穹铁道","2024-05-03 12:00:00","Hiro玩呀","没想到知更鸟的千星纪游会在我的生日出，就祝愿世界和平吧。","8","2024-05-03 14:30:27","219671078320","622300486"
"《崩坏：星穹铁道》千星纪游PV：「假若有一双翅膀」","BV1wz421U7LZ","1353991909","崩坏星穹铁道","2024-05-03 12:00:00","FunnymaのP","这发型发色让我想起了一位故人，还有就是知更鸟在吃什么！！？？[藏狐]（狂鸟日记.doge）","8","2024-05-03 13:29:40","219662907632","646214778"
"《崩坏：星穹铁道》千星纪游PV：「假若有一双翅膀」","BV1wz421U7LZ","1353991909","崩坏星穹铁道","2024-05-03 12:00:00","爆浆的小蛋糕","别再刀这对兄妹了，我一定要把这两只小鸟都拿下！[委屈][委屈][委屈]","8","2024-05-03 13:02:25","219658839920","547074728"
"《崩坏：星穹铁道》千星纪游PV：「假若有一双翅膀」","BV1wz421U7LZ","1353991909","崩坏星穹铁道","2024-05-03 12:00:00","果冻可以啃哦","两个人的演唱会","8","2024-05-03 12:02:36","219649673872","91447756"
"《崩坏：星穹铁道》千星纪游PV：「假若有一双翅膀」","BV1wz421U7LZ","1353991909","崩坏星穹铁道","2024-05-03 12:00:00","冷凍厂303","个人推测，PV中孩子们在收音机里听到的知更鸟的歌声是真的（现实），而知更鸟形态的老师是假的（幻想或者梦境）；孩子们的愿望是真的（成为医生、歌手，希望战争早日结束），但身着华服站在舞台上歌唱不是真的。PV的实际时间线可能是：知更鸟在大屏幕上看到自己即将前往匹诺康尼的消息，由此回想起自己的过往，与此同时，在某颗星球上，战争正在进行着，孩子们在炮火中听着知更鸟的歌声求以慰藉。PV最后没展示的结局估计是知更鸟踏上前往匹诺康尼的路途，而孩子们则在知更鸟的歌声下带着对未来的希望死于战争的炮火......","11","2024-05-03 16:14:06","219684208304","168700991"
"《崩坏：星穹铁道》千星纪游PV：「假若有一双翅膀」","BV1wz421U7LZ","1353991909","崩坏星穹铁道","2024-05-03 12:00:00","焉之世","让我想起了一位反战争，爱孩子，却被无良媒体坑害直至死亡的故人[大哭]","11","2024-05-03 14:32:46","219671410432","496406253"
"《崩坏：星穹铁道》千星纪游PV：「假若有一双翅膀」","BV1wz421U7LZ","1353991909","崩坏星穹铁道","2024-05-03 12:00:00","KasakiNozomi_","这是我心中米做的颜值最高的角色了，服装设计也不是之前的味道，爱了爱了（⌒▽⌒）","12","2024-05-03 14:38:50","219672079920","291896210"
"《崩坏：星穹铁道》千星纪游PV：「假若有一双翅膀」","BV1wz421U7LZ","1353991909","崩坏星穹铁道","2024-05-03 12:00:00","美到我了米","知更鸟宝宝是全世界最好最善良的宝宝！！！[大哭][大哭][大哭][给心心][给心心][给心心]加油啊啊啊啊！！！","12","2024-05-03 14:36:23","219671799872","470165895"
"《崩坏：星穹铁道》千星纪游PV：「假若有一双翅膀」","BV1wz421U7LZ","1353991909","崩坏星穹铁道","2024-05-03 12:00:00","白首浮沉","真是的，这么善良的人，让我不禁潸然泪下[委屈]","12","2024-05-03 13:08:33","219659753472","3493106972362776"
"《崩坏：星穹铁道》千星纪游PV：「假若有一双翅膀」","BV1wz421U7LZ","1353991909","崩坏星穹铁道","2024-05-03 12:00:00","再多一丝勇气","男装太好看了[脱单doge]","12","2024-05-03 12:07:58","219650458208","389546927"
"《崩坏：星穹铁道》千星纪游PV：「假若有一双翅膀」","BV1wz421U7LZ","1353991909","崩坏星穹铁道","2024-05-03 12:00:00","Mmxbcpdkx","想到那个因为战火三岁哥哥带着一岁妹妹流浪的视频了","11","2024-05-03 15:48:36","219680858640","494015922"
"《崩坏：星穹铁道》千星纪游PV：「假若有一双翅膀」","BV1wz421U7LZ","1353991909","崩坏星穹铁道","2024-05-03 12:00:00","流光藏海","爱与希望会交织成一双翅膀，带我们冲出牢笼 。","11","2024-05-03 14:07:04","219668058640","441935786"
"《崩坏：星穹铁道》千星纪游PV：「假若有一双翅膀」","BV1wz421U7LZ","1353991909","崩坏星穹铁道","2024-05-03 12:00:00","破晓虎鸫啼-","孩子们 今天到我了[保卫萝卜_哇]","7","2024-05-03 12:13:27","219651403824","15869756"
"《崩坏：星穹铁道》千星纪游PV：「假若有一双翅膀」","BV1wz421U7LZ","1353991909","崩坏星穹铁道","2024-05-03 12:00:00","会说话的周老三","愿这寰宇间再无战火燃起，愿每一个孩子都能够展翅高飞。","11","2024-05-05 22:20:31","220072932736","2083643147"
"《崩坏：星穹铁道》千星纪游PV：「假若有一双翅膀」","BV1wz421U7LZ","1353991909","崩坏星穹铁道","2024-05-03 12:00:00","顾憨憨不想起床","专辑什么时候上架音乐平台！！[脱单doge][脱单doge]","11","2024-05-03 13:02:48","219659004400","24969180"
"《崩坏：星穹铁道》千星纪游PV：「假若有一双翅膀」","BV1wz421U7LZ","1353991909","崩坏星穹铁道","2024-05-03 12:00:00","残阳如雪QUQ","这是真的头上长摄像头了[笑哭][笑哭][笑哭][笑哭][笑哭][笑哭][笑哭][笑哭][笑哭][笑哭][笑哭][笑哭][笑哭][笑哭][笑哭][笑哭][笑哭]","7","2024-05-04 10:40:50","219801741120","139798601"
"《崩坏：星穹铁道》千星纪游PV：「假若有一双翅膀」","BV1wz421U7LZ","1353991909","崩坏星穹铁道","2024-05-03 12:00:00","山东饭桶君","我要哭死了","6","2024-05-07 00:52:50","220240758576","333392888"
"《崩坏：星穹铁道》千星纪游PV：「假若有一双翅膀」","BV1wz421U7LZ","1353991909","崩坏星穹铁道","2024-05-03 12:00:00","我玩B站这辈子有了","震惊部重出江湖","6","2024-05-04 02:21:55","219772830896","1367451692"
"《崩坏：星穹铁道》千星纪游PV：「假若有一双翅膀」","BV1wz421U7LZ","1353991909","崩坏星穹铁道","2024-05-03 12:00:00","大爷飘了","笑的我六舅飞檐走壁哈哈哈哈哈哈哈哈[笑哭]","6","2024-05-03 20:45:15","219725339200","3494369430604384"
"《崩坏：星穹铁道》千星纪游PV：「假若有一双翅膀」","BV1wz421U7LZ","1353991909","崩坏星穹铁道","2024-05-03 12:00:00","南斯拉夫-jna114514","那一刻，世界都为南联盟哭泣","6","2024-05-03 20:18:16","219720985632","3546667458497437"
"《崩坏：星穹铁道》千星纪游PV：「假若有一双翅膀」","BV1wz421U7LZ","1353991909","崩坏星穹铁道","2024-05-03 12:00:00","lcqhnNC","很喜欢这一幕，小鸟兄妹是极好的🥺🥺🥺","6","2024-05-03 13:59:09","219667001200","639949726"
"《崩坏：星穹铁道》千星纪游PV：「假若有一双翅膀」","BV1wz421U7LZ","1353991909","崩坏星穹铁道","2024-05-03 12:00:00","赫尔辛根默斯肯的针","家人们，到俺了[脱单doge]","6","2024-05-03 12:01:41","219649621984","97244757"
"《崩坏：星穹铁道》千星纪游PV：「假若有一双翅膀」","BV1wz421U7LZ","1353991909","崩坏星穹铁道","2024-05-03 12:00:00","寒芒锋过","为什么评论区开冷笑话的人这么多？因为他们都有さいのう[脱单doge]","15","2024-05-03 12:21:06","219652548544","522671903"
"《崩坏：星穹铁道》千星纪游PV：「假若有一双翅膀」","BV1wz421U7LZ","1353991909","崩坏星穹铁道","2024-05-03 12:00:00","狱灵道","这些孩子们的情景，真的让我幻视巴勒斯坦","10","2024-05-04 14:58:10","219838603696","519148018"
"《崩坏：星穹铁道》千星纪游PV：「假若有一双翅膀」","BV1wz421U7LZ","1353991909","崩坏星穹铁道","2024-05-03 12:00:00","醉心艺术的傻白甜","小鸟[鼓掌]你是一个特别特别好的宝宝","10","2024-05-03 13:32:27","219663316880","375089787"
"《崩坏：星穹铁道》千星纪游PV：「假若有一双翅膀」","BV1wz421U7LZ","1353991909","崩坏星穹铁道","2024-05-03 12:00:00","Hilert-Lowa","车祸哪里我怀疑是neta戴安娜王妃[吃瓜]","10","2024-05-03 12:51:30","219657284992","485970328"
"《崩坏：星穹铁道》千星纪游PV：「假若有一双翅膀」","BV1wz421U7LZ","1353991909","崩坏星穹铁道","2024-05-03 12:00:00","識湫","看见pv里面有神主日，心梗了，不要出事啊，兄妹俩要好好的[大哭]","10","2024-05-03 12:41:16","219655684528","52925034"
"《崩坏：星穹铁道》千星纪游PV：「假若有一双翅膀」","BV1wz421U7LZ","1353991909","崩坏星穹铁道","2024-05-03 12:00:00","゚景元","我都不敢想要是星期日走了小鸟会怎么样……真的好伤心啊[大哭][大哭][大哭][大哭][大哭]小鸟唯一的亲人，最爱她的哥哥不见了小鸟会很孤独很失落啊，不要刀周日了我希望他们两个好好的啊[委屈]","10","2024-05-04 15:45:22","219844934624","3546386601609791"
"《崩坏：星穹铁道》千星纪游PV：「假若有一双翅膀」","BV1wz421U7LZ","1353991909","崩坏星穹铁道","2024-05-03 12:00:00","゙蝶引往生","这个PV最让我震惊的是：小鸟头上的环竟然是可以摘下来的（关注点错乱）[tv_鬼脸]","10","2024-05-04 15:32:11","219843090320","106425847"
"《崩坏：星穹铁道》千星纪游PV：「假若有一双翅膀」","BV1wz421U7LZ","1353991909","崩坏星穹铁道","2024-05-03 12:00:00","冷漠の马桶","我终于知道周天哥为什么是妹控了，鸟鸟可爱善良简直就是小天使，换做我我也会是她的妹控[喜欢][喜欢][喜欢]","10","2024-05-03 22:19:14","219741029184","3493271089187689"
"《崩坏：星穹铁道》千星纪游PV：「假若有一双翅膀」","BV1wz421U7LZ","1353991909","崩坏星穹铁道","2024-05-03 12:00:00","whrnerv","看了2.2BOSS战的画面，突然有个奇怪的想法，不晓得对不对。 就是星神的力量除了是规则的体现，是否还跟宇宙的大环境有关系。 比如太一存在的时候，宇宙间的所有种族在秩序伟力之下和谐共处。但是时间久了之后，不同种族、阶级、势力之间的矛盾越来越大，混乱、毁灭开始抬头起势，而太一的力量是不是可能随着这种大环境开始衰退？当太一的力量衰退到一定程度时，压制不住一些灾祸相关的星神，比如贪饕，于是这些星神就开始出来搞事。 等到几大星神与贪饕开片，宇宙彻底混乱起来，此时太一的力量衰退到最低谷，很容易就被同谐吸收摘了桃子。 没了太一的压制，后面宇宙越来越混乱，时间久了之后，宇宙所有种族开始人心思定，秩序开始抬头起势，而太一只是同谐吸收，并不是陨落，所以他的力量是不是可能随着这种大环境开始增强？于是到了2.2的时间段，同谐是否有可能已经压制不住秩序的力量。 所以这次同谐大典，是不是同谐、太一还有其它星神的争斗布局，而星期日为了小鸟，也和砂金一样，一开始就把自己生命的筹码丢了出去，只为给小鸟赌一个未来？","10","2024-05-03 22:18:26","219740955184","12056444"
"《崩坏：星穹铁道》千星纪游PV：「假若有一双翅膀」","BV1wz421U7LZ","1353991909","崩坏星穹铁道","2024-05-03 12:00:00","T0级黑我心大王","我更喜欢这个版本的使一颗心免于哀伤的诠释，完全就是知更鸟的经历与感触[花园花铃表情包_大哭][花园花铃表情包_大哭][花园花铃表情包_大哭]","10","2024-05-03 20:46:09","219725420080","650820383"
"《崩坏：星穹铁道》千星纪游PV：「假若有一双翅膀」","BV1wz421U7LZ","1353991909","崩坏星穹铁道","2024-05-03 12:00:00","水洛v离殇","https://b23.tv/BV1KN4y167NJ 的第17.12秒。巴西代表谈到战场想当医生的小朋友，可惜当不了了。3.22隐喻？","10","2024-05-03 20:27:57","219722586576","342716817"
"《崩坏：星穹铁道》千星纪游PV：「假若有一双翅膀」","BV1wz421U7LZ","1353991909","崩坏星穹铁道","2024-05-03 12:00:00","飞空独行flyone","其中一个小朋友的愿望是，未来想当医生帮小朋友看病。听到我心里咯噔一下，这不是当时安理会巴方代表哽咽着说的事例吗，后来这小女孩就在医院病房里被轰炸后与世长辞了。","10","2024-05-03 16:47:39","219688508928","838242"
"《崩坏：星穹铁道》千星纪游PV：「假若有一双翅膀」","BV1wz421U7LZ","1353991909","崩坏星穹铁道","2024-05-03 12:00:00","shiny-shine","由政治学科的时政驱使写一个评论。 近期，法塔赫与哈马斯在北京举行会谈。 这两者的会谈是推动巴勒斯坦团结一心的重要因素。 而知更鸟的千星纪游，恰到好处地引用了战争与和平这一主题。 她启示我们， 在我们一再申明“始终站在和平一方”时，我们在表明什么？ 我们在表明，战争的理由可能不同，但相同的是，它们平等地对人民造成伤害。 唯有停战，才能保护人民。 这次，你赢了。","10","2024-05-03 15:47:43","219680695216","542209433"
"《崩坏：星穹铁道》千星纪游PV：「假若有一双翅膀」","BV1wz421U7LZ","1353991909","崩坏星穹铁道","2024-05-03 12:00:00","苇名打铁城会员","说实话看到有个小孩说想成为医生那个……有点没绷住 想到了加沙那个被医生救治，想成为医生的小女孩了[大哭]","11","2024-05-03 13:09:06","219659939408","33180460"
"《崩坏：星穹铁道》千星纪游PV：「假若有一双翅膀」","BV1wz421U7LZ","1353991909","崩坏星穹铁道","2024-05-03 12:00:00","凰暮陶","大家，可以祝我一句生日快乐吗[星星眼]","7","2024-05-04 08:53:15","219789560832","355331766"
"《崩坏：星穹铁道》千星纪游PV：「假若有一双翅膀」","BV1wz421U7LZ","1353991909","崩坏星穹铁道","2024-05-03 12:00:00","竼沐天守","看到第一幕我脑中闪过一句话：“战争解决了一切，也毁灭了一切”","10","2024-05-03 12:12:23","219651186000","353898293"
"《崩坏：星穹铁道》千星纪游PV：「假若有一双翅膀」","BV1wz421U7LZ","1353991909","崩坏星穹铁道","2024-05-03 12:00:00","椒丘的苦茶子","各位，传说耶稣降临时，知更鸟就在旁边唱歌，耶稣降临的那天就是神主日，即星期日[doge]","10","2024-05-03 22:37:57","219744380656","44690914"
"《崩坏：星穹铁道》千星纪游PV：「假若有一双翅膀」","BV1wz421U7LZ","1353991909","崩坏星穹铁道","2024-05-03 12:00:00","入月来","周日可爱捏 看这架势肯定进池啊 米不速速端上来[星星眼]","10","2024-05-03 16:03:28","219682713360","414112517"
"《崩坏：星穹铁道》千星纪游PV：「假若有一双翅膀」","BV1wz421U7LZ","1353991909","崩坏星穹铁道","2024-05-03 12:00:00","胡说八道的小韩","看到结尾有孩子说像想当医生，想起了那个被问到长大后想干什么，却说自己可能无法长大的孩子","10","2024-05-03 12:34:53","219654691296","59926914"
"《崩坏：星穹铁道》千星纪游PV：「假若有一双翅膀」","BV1wz421U7LZ","1353991909","崩坏星穹铁道","2024-05-03 12:00:00","我点的男模","她简直是天使[大哭]","10","2024-05-03 12:02:22","219649661600","31411760"
"《崩坏：星穹铁道》千星纪游PV：「假若有一双翅膀」","BV1wz421U7LZ","1353991909","崩坏星穹铁道","2024-05-03 12:00:00","如炬如光","从7点到现在一直1000多人观看[崩坏3·光辉矢愿_比心]不过播放量是不是不太对劲","9","2024-05-04 11:46:17","219810630800","1709520659"
"《崩坏：星穹铁道》千星纪游PV：「假若有一双翅膀」","BV1wz421U7LZ","1353991909","崩坏星穹铁道","2024-05-03 12:00:00","slkdnnjdjsb","新闻学老哥被黑的最惨的一集[doge]","9","2024-05-03 18:58:04","219708420560","227722607"
"《崩坏：星穹铁道》千星纪游PV：「假若有一双翅膀」","BV1wz421U7LZ","1353991909","崩坏星穹铁道","2024-05-03 12:00:00","Narsilion-_","知更鸟居然也会被偷拍吗…这种地位了","9","2024-05-03 17:22:43","219693523312","678627798"
"《崩坏：星穹铁道》千星纪游PV：「假若有一双翅膀」","BV1wz421U7LZ","1353991909","崩坏星穹铁道","2024-05-03 12:00:00","启圣澌茗","隔壁片场的云堇也被谣言中伤过，说她目中无人、食言爽约，名人真的不好当[无语]","9","2024-05-03 16:00:49","219682384560","12564165"
