BV号,标题,作者,播放量,弹幕数,发布时间,视频链接
BV1HoUxY6EHy,九号真便宜,su九车行,248,0,2024-11-18 22:14:07,https://www.bilibili.com/video/BV1HoUxY6EHy
BV1YvUxYREbm,【起司男孩】S11E26.E241.水母松鼠,Sky婉伊,4560,24,2024-11-18 22:06:21,https://www.bilibili.com/video/BV1YvUxYREbm
BV1QBUxYXE45,狗狗币静音机器金贝E-DG1M 3.4G现货秒发 一台起订 全新未拆,矿圈思思,122,0,2024-11-18 21:58:21,https://www.bilibili.com/video/BV1QBUxYXE45
BV1t2UxY7EHM,三张帅脸，怎么看都有面儿,一百世生,430,0,2024-11-18 21:36:07,https://www.bilibili.com/video/BV1t2UxY7EHM
BV1ipUHYEEXb,[国语版] 超能勇士S01E01：野兽之战,小泉带你看动漫,485,0,2024-11-18 16:58:32,https://www.bilibili.com/video/BV1ipUHYEEXb
BV1GMUpY2EsT,快乐下饭！【E13-02 绝望主妇Desperate Housewives•第二季】,琪琦奇鳍畦_,752,20,2024-11-18 14:22:52,https://www.bilibili.com/video/BV1GMUpY2EsT
BV1MVUnYvEJG,快乐下饭！【E13-01 绝望主妇Desperate Housewives•第二季】,琪琦奇鳍畦_,669,2,2024-11-18 12:50:00,https://www.bilibili.com/video/BV1MVUnYvEJG
BV1pkUJYdEki,《酒路两人行》更新至E02.241124 中字 1080P（金高银、李智雅）,敏敏特穆er吖,5289,0,2024-11-18 12:27:15,https://www.bilibili.com/video/BV1pkUJYdEki
BV1ZiUnYUEdt,【起司男孩】S11E23.E238.我要看卡通,Sky婉伊,5590,1,2024-11-18 09:39:42,https://www.bilibili.com/video/BV1ZiUnYUEdt
BV1KJUnYhECr,S4E12 片尾曲 &#x27;Trust In Me&#x27;,狂人电台,385,0,2024-11-18 09:25:37,https://www.bilibili.com/video/BV1KJUnYhECr
BV1UoUnYNE8A,【起司男孩】S13E20.E287.友情纪念日快乐,Sky婉伊,16631,30,2024-11-18 09:01:36,https://www.bilibili.com/video/BV1UoUnYNE8A
BV16NU7YVEP8,G.E.M.邓紫棋 I Am Gloria 世界巡回演唱会-杭州站Day3,情歌听完了,355,0,2024-11-18 00:48:55,https://www.bilibili.com/video/BV16NU7YVEP8
BV1zNU7YVEiZ,无名星神，设计失败的boss🤓☝,゚初尤,1841,4,2024-11-18 00:17:01,https://www.bilibili.com/video/BV1zNU7YVEiZ
BV1a1UrYPETb,【Evgeniy Semenenko 小e】吓死了差点没金牌,大毛养鸡场场主,702,0,2024-11-17 21:58:36,https://www.bilibili.com/video/BV1a1UrYPETb
BV1NiU6YHEYm,【TUZ】Red Light～前方是暴雨～,兴冲冲的兔仔_TUZ,1339,1,2024-11-17 15:55:30,https://www.bilibili.com/video/BV1NiU6YHEYm
BV1E8UrY5ESs,D e c a d e,神大呵KaMiSaMa,8372,3,2024-11-17 13:44:12,https://www.bilibili.com/video/BV1E8UrY5ESs
BV15BUzYcE4Z,S4E11 片尾曲 &#x27;Welcome To My World&#x27;,狂人电台,371,0,2024-11-17 10:58:49,https://www.bilibili.com/video/BV15BUzYcE4Z
BV1cfUvYcE7c,【KISS OF LIFE-Lgloo 全曲】e舞成名教学对照 / 花式表演 / 音轨替换,只出跳舞机教程的浩宇,811,0,2024-11-17 10:00:00,https://www.bilibili.com/video/BV1cfUvYcE7c
BV1TSUzYXEPY,数字方块E-side1-100,菠萝班长数字方块是神,280,0,2024-11-17 09:23:58,https://www.bilibili.com/video/BV1TSUzYXEPY
BV1Y2UaYrEQn,【严重删减版】井歪势力不是慈善组织吗？发16e？【钢铁雄心】,9999宜电台,30693,330,2024-11-17 06:00:00,https://www.bilibili.com/video/BV1Y2UaYrEQn
BV1RgUiYQEW9,【ManneQueen-EZ全曲】e舞成名教学对照 / 花式疯狂 / 音轨替换,只出跳舞机教程的浩宇,790,0,2024-11-17 01:19:36,https://www.bilibili.com/video/BV1RgUiYQEW9
BV1FdUYYsEkX,开局觉醒双E级异能。什么？？你SSS级异能，不好意思，我全部异能都超过SSS了。,摆烂咸鱼沙雕动画馆,1097,7,2024-11-17 00:55:51,https://www.bilibili.com/video/BV1FdUYYsEkX
BV1z5SzY6E55,【SNL S37E14】三分钟浓缩法式舞台剧,叽里呱啦蹦恰恰,1090,2,2024-11-17 00:15:41,https://www.bilibili.com/video/BV1z5SzY6E55
BV1WeUiYTEqE,【887.91元】 美的（Midea）波轮洗衣机全自动家用 MB120V733E 12公斤大容量海量洗 立方内桶 深层劲洗 以旧换新 家电国补补贴,好物早知道,8,0,2024-11-17 00:12:40,https://www.bilibili.com/video/BV1WeUiYTEqE
BV1n9UYYdEmP,【起司男孩】S15e3 倒霉海绵宝宝,Sky婉伊,6583,2,2024-11-16 23:57:43,https://www.bilibili.com/video/BV1n9UYYdEmP
BV13YUYYgEa3,【1623.96元（需领券）】 PLUS会员：Midea 美的 325升法式四门冰箱 一级能效 BCD-325WFPM(E),好物早知道,0,0,2024-11-16 23:10:21,https://www.bilibili.com/video/BV13YUYYgEa3
BV1t6UYYvEjD,一位来自BEJ48的新疆捧油 阿丽米热,塞纳河考古bot,351,0,2024-11-16 22:50:23,https://www.bilibili.com/video/BV1t6UYYvEjD
BV1z6UeYsE3t,【起司男孩】S15e2上流章鱼哥,Sky婉伊,10976,30,2024-11-16 21:28:01,https://www.bilibili.com/video/BV1z6UeYsE3t
BV1oyUeYDEA2,【起司男孩】s15e2 天外来章,Sky婉伊,14560,13,2024-11-16 21:27:22,https://www.bilibili.com/video/BV1oyUeYDEA2
BV1d2UeYJEbJ,【派秀】2021.S01E11.射线恶魔的炸弹,Sky婉伊,2240,2,2024-11-16 19:57:07,https://www.bilibili.com/video/BV1d2UeYJEbJ
BV1WwUhYXEUx,【派秀】2021.S01E11.托儿所,Sky婉伊,1476,1,2024-11-16 13:36:39,https://www.bilibili.com/video/BV1WwUhYXEUx
BV1D1U8YeEZA,【超神作推荐】美德v17 V.I.R.T.U.E.S 官中最终完结版 附全存档+全外传 PC/安卓/动态,江江户-_-,4794,3,2024-11-16 12:59:02,https://www.bilibili.com/video/BV1D1U8YeEZA
BV1igmRYrEvp,快乐下饭！【E12-02 绝望主妇Desperate Housewives•第二季】,琪琦奇鳍畦_,861,13,2024-11-16 12:05:00,https://www.bilibili.com/video/BV1igmRYrEvp
BV1TgmdYhECk,快乐下饭！【E12-01 绝望主妇Desperate Housewives•第二季】,琪琦奇鳍畦_,974,8,2024-11-16 12:00:00,https://www.bilibili.com/video/BV1TgmdYhECk
BV1jQmRYCEz3,【过江龙】Martial Law-S02E07,Bartzilla,120,0,2024-11-16 11:33:41,https://www.bilibili.com/video/BV1jQmRYCEz3
BV1KyUcYkERJ,菜菜姐reaction KISS OF LIFE  &#x27;R.E.M&#x27; &amp; &#x27;Get Loud&#x27; MV,OSASCOMP,140,0,2024-11-16 10:18:20,https://www.bilibili.com/video/BV1KyUcYkERJ
BV1yWmZY8E7u,新七上 Unit 5 Fun Clubs Section A 2a-2e 听说课,TeacherWu英语角,571,0,2024-11-16 01:00:03,https://www.bilibili.com/video/BV1yWmZY8E7u
BV1gMmZY6Enm,林俊杰《学不会》音域测量 | F3-E♭5,深夜看星星的人,1044,0,2024-11-15 19:00:00,https://www.bilibili.com/video/BV1gMmZY6Enm
BV1w1moYxEZu,93CA395DB277E5EB30FEEE62A12A9726,冬去春来哈哈,379,0,2024-11-15 17:55:02,https://www.bilibili.com/video/BV1w1moYxEZu
BV1XwmZYCEXz,PBSU驾驶宇通C11E,地铁爱好者-杭六,158,0,2024-11-15 17:14:30,https://www.bilibili.com/video/BV1XwmZYCEXz
BV16SmoYXEi3,黄子韬鹿晗直播是e人i人的具象化,小娱仙君,39953,0,2024-11-15 16:35:31,https://www.bilibili.com/video/BV16SmoYXEi3
BV1DKmdYAEhn,六百多预算的畅玩LOL主机E3 1220V3搭配750 1g显卡主机！,卓哥电脑,1307,2,2024-11-15 13:27:51,https://www.bilibili.com/video/BV1DKmdYAEhn
BV1aemQYtECr,【过江龙】Martial Law-S02E04,Bartzilla,134,0,2024-11-15 11:40:46,https://www.bilibili.com/video/BV1aemQYtECr
BV1XemQYtEcY,【过江龙】Martial Law-S02E03,Bartzilla,131,0,2024-11-15 11:35:46,https://www.bilibili.com/video/BV1XemQYtEcY
BV1aemQYtEmy,【过江龙】Martial Law-S02E02,Bartzilla,125,0,2024-11-15 11:33:46,https://www.bilibili.com/video/BV1aemQYtEmy
BV1iMmXYNEGA,【过江龙】Martial Law-S02E01,Bartzilla,129,0,2024-11-15 11:23:46,https://www.bilibili.com/video/BV1iMmXYNEGA
BV1JrmXYkE1s,L O V E    M E    W H O L E,凌小梅没吃馄饨,86,0,2024-11-15 09:37:52,https://www.bilibili.com/video/BV1JrmXYkE1s
BV1piULY5Ezj,R.E.D女团的afterlife的最新舞台，宝宝们太棒了！！,蓝桉-小红包,227,0,2024-11-14 19:21:16,https://www.bilibili.com/video/BV1piULY5Ezj
BV1mWUVYyEwP,2025年事业单位综合应用能力E类,新途径事业单位,469,0,2024-11-14 15:46:32,https://www.bilibili.com/video/BV1mWUVYyEwP
BV1h9U3YjELK,【1211.2元（需领券，家居卡后1171.2元）】 plus会员：Canbo 康宝 ZTP380H-E2 立式消毒柜 380L*2件,惠惠天天推,5,0,2024-11-14 11:29:01,https://www.bilibili.com/video/BV1h9U3YjELK
BV1CmUGYuEdS,设想中的作品的风格受到现实状态的影响大概会导致精神分裂,店店店店店店店员,611,0,2024-11-14 09:11:45,https://www.bilibili.com/video/BV1CmUGYuEdS
BV1JbUuYREh3,【过江龙】Martial Law-S01E22,Bartzilla,160,0,2024-11-14 00:11:47,https://www.bilibili.com/video/BV1JbUuYREh3
BV1EhUuYWEiN,【过江龙】Martial Law-S01E21,Bartzilla,139,0,2024-11-14 00:07:38,https://www.bilibili.com/video/BV1EhUuYWEiN
BV1rxUuYoELJ,【过江龙】Martial Law-S01E20,Bartzilla,113,0,2024-11-14 00:02:48,https://www.bilibili.com/video/BV1rxUuYoELJ
BV1rxUuYoE8t,【过江龙】Martial Law-S01E19,Bartzilla,135,0,2024-11-14 00:01:20,https://www.bilibili.com/video/BV1rxUuYoE8t
BV1kxUuYoEkX,贴吧热议如果鳄鱼能够直接二段e，会是什么样的强度？,日更up莉莉丝,5808,0,2024-11-14 00:00:35,https://www.bilibili.com/video/BV1kxUuYoEkX
BV1HtUuYxEw8,【过江龙】Martial Law-S01E18,Bartzilla,121,0,2024-11-13 23:58:48,https://www.bilibili.com/video/BV1HtUuYxEw8
BV1jvUuYDESU,【过江龙】Martial Law-S01E17,Bartzilla,382,0,2024-11-13 23:55:26,https://www.bilibili.com/video/BV1jvUuYDESU
BV1LqUuYJEZq,【过江龙】Martial Law-S01E16,Bartzilla,162,0,2024-11-13 23:52:07,https://www.bilibili.com/video/BV1LqUuYJEZq
BV17eUuYHECb,鳄鱼已成为版本陷阱？理性讨论，鳄鱼如果无条件二段e是什么强度,有趣up,102,0,2024-11-13 23:41:58,https://www.bilibili.com/video/BV17eUuYHECb
BV127UuYAEA7,【过江龙】Martial Law-S01E15,Bartzilla,133,0,2024-11-13 23:40:35,https://www.bilibili.com/video/BV127UuYAEA7
BV1HsUuYtEzB,【过江龙】Martial Law-S01E11,Bartzilla,136,0,2024-11-13 23:19:54,https://www.bilibili.com/video/BV1HsUuYtEzB
BV1WqUKYXEjd,如果LOL这个英雄二段E能直接放会是什么强度？贴吧热议。,每天贴吧搬运,371,0,2024-11-13 23:06:24,https://www.bilibili.com/video/BV1WqUKYXEjd
BV1VjUKYTEmV,火并 part 2,taixuyok,846,0,2024-11-13 14:39:12,https://www.bilibili.com/video/BV1VjUKYTEmV
BV157UKYiE13,【599.2元（需领券）】 容声（RONGSHENG）消毒柜嵌入式 100L RX02E(S),好物早知道,1,0,2024-11-13 14:39:08,https://www.bilibili.com/video/BV157UKYiE13
BV1X7UKYvENq,火并 part 1,taixuyok,380,0,2024-11-13 14:36:36,https://www.bilibili.com/video/BV1X7UKYvENq
BV1Nbm8YpEEE,快乐下饭！【E11-02 绝望主妇Desperate Housewives•第二季】,琪琦奇鳍畦_,1194,37,2024-11-13 12:05:00,https://www.bilibili.com/video/BV1Nbm8YpEEE
BV1vUm8YBEsr,快乐下饭！【E11-01 绝望主妇Desperate Housewives•第二季】,琪琦奇鳍畦_,1152,7,2024-11-13 12:00:00,https://www.bilibili.com/video/BV1vUm8YBEsr
BV1CiUPYyE2B,CS2不限鼠标支持完美官匹5E（另有无畏契约 PUBG　三角洲行动　和平精英　CF　永劫无间等）,黑翼宏调试看主业,104,0,2024-11-13 10:28:29,https://www.bilibili.com/video/BV1CiUPYyE2B
BV1UnUPYREz5,理性讨论，鳄鱼如果可以二段E会是什么强度？最近玩鳄鱼有点力不从心，感觉c不动而且对线拿不到优势，劣势甚至是寒冰射手的玩具，抗吧热议,抗吧战神,104452,8,2024-11-13 09:47:10,https://www.bilibili.com/video/BV1UnUPYREz5
BV1WfmYYbEJ6,【泰勒公式求极限天下第一】逆天海离薇求解(cosx+ln(e^x+sin²x))麦克劳林展开式易得缺项，高数学霸用省略号代替佩亚诺余项和更高阶等价无穷小量。,海离薇,200,2,2024-11-13 00:37:38,https://www.bilibili.com/video/BV1WfmYYbEJ6
BV1R3maYrEC6,【赫海reaction】看一下2018年的赫海糖点合集！好喜欢打花牌那里呀！|同框的每一秒都甜甜哒！,我姓邹不姓周呐,644,12,2024-11-12 21:51:02,https://www.bilibili.com/video/BV1R3maYrEC6
BV1Z6mtYKEyn,快乐下饭！【E10-02 绝望主妇Desperate Housewives•第二季】,琪琦奇鳍畦_,1126,5,2024-11-12 21:10:00,https://www.bilibili.com/video/BV1Z6mtYKEyn
BV11EmxYkEr9,快乐下饭！【E10-01 绝望主妇Desperate Housewives•第二季】,琪琦奇鳍畦_,1187,22,2024-11-12 21:00:00,https://www.bilibili.com/video/BV11EmxYkEr9
BV1GvmbYbEik,dcs f15e编队飞行,oathbaobao,17,0,2024-11-12 19:48:09,https://www.bilibili.com/video/BV1GvmbYbEik
BV15bmbYYEnY,S01E11,哈哈好酒,1813,0,2024-11-12 18:51:03,https://www.bilibili.com/video/BV15bmbYYEnY
BV1ZAm8YuEv1,S01E10,哈哈好酒,250,0,2024-11-12 18:40:59,https://www.bilibili.com/video/BV1ZAm8YuEv1
BV1Snm8YoEHN,一个视频请大家帮忙分析一下至强E5配置是不是坑人的！,卓哥电脑,397,0,2024-11-12 16:36:03,https://www.bilibili.com/video/BV1Snm8YoEHN
BV1p1mmYeEzm,快乐下饭！【E09-02 绝望主妇Desperate Housewives•第二季】,琪琦奇鳍畦_,1257,26,2024-11-12 12:05:00,https://www.bilibili.com/video/BV1p1mmYeEzm
BV1bammYVEiF,快乐下饭！【E09-01 绝望主妇Desperate Housewives•第二季】,琪琦奇鳍畦_,1152,21,2024-11-12 12:00:00,https://www.bilibili.com/video/BV1bammYVEiF
BV1XSmUYSEQ4,【R.E.D组合】和平精英刺激之夜幕后花絮,RED_OFFICIAL_,34589,1347,2024-11-12 12:00:00,https://www.bilibili.com/video/BV1XSmUYSEQ4
BV1CWmxYuEGB,离了少爷谁还逗我笑,被反派纠缠的女配呀,27,0,2024-11-12 10:33:52,https://www.bilibili.com/video/BV1CWmxYuEGB
BV1YmmxYXETd,【起司男孩】S11E07.E222.美味蟹堡大丧尸,Sky婉伊,3615,2,2024-11-12 09:48:10,https://www.bilibili.com/video/BV1YmmxYXETd
BV1gxmpY3EFY,[GTFO] Modded Survival X.00E solo 1:10:17,Doriiis-,50,0,2024-11-12 00:05:48,https://www.bilibili.com/video/BV1gxmpY3EFY
BV1knmWYYEqd,R.E.D组合出道综艺100% Reaction 0424限时训练室,苏打才不是碳酸钠,735,11,2024-11-11 22:12:31,https://www.bilibili.com/video/BV1knmWYYEqd
BV1cSyBYFEn6,【caroline girvan】卡姐P.E PROGRAM第17天臀部训练,海贼狂,430,0,2024-11-11 20:00:00,https://www.bilibili.com/video/BV1cSyBYFEn6
BV1uVmUYLEGK,10年Intel这次换AMD了｜技嘉全新一代主板X870E AORUS MASTER超级雕 纯黑电脑装机+性能测试,鱼儿宝宝很开心,82215,250,2024-11-11 19:33:12,https://www.bilibili.com/video/BV1uVmUYLEGK
BV1VFm2YjE8F,快乐下饭！【E08-02 绝望主妇Desperate Housewives•第二季】,琪琦奇鳍畦_,1085,24,2024-11-11 19:05:00,https://www.bilibili.com/video/BV1VFm2YjE8F
BV1J1m1YdEor,快乐下饭！【E08-01 绝望主妇Desperate Housewives•第二季】,琪琦奇鳍畦_,1287,23,2024-11-11 19:00:00,https://www.bilibili.com/video/BV1J1m1YdEor
BV1GSmUYDEYf,年轻人的第一台车可以是奔驰E300吗？,改装小玩家112,1724,0,2024-11-11 17:38:18,https://www.bilibili.com/video/BV1GSmUYDEYf
BV163mmYoEwv,取消四环车标，全新英文AUDI上线。上汽-奥迪合作纯电概念车AUDI e正式发布,工业进行时,123,0,2024-11-11 12:53:18,https://www.bilibili.com/video/BV163mmYoEwv
BV1obmyYmEDj,快乐下饭！【E07-03 绝望主妇Desperate Housewives•第二季】,琪琦奇鳍畦_,1150,25,2024-11-11 11:41:25,https://www.bilibili.com/video/BV1obmyYmEDj
BV17bmyYUEVF,快乐下饭！【E07-02 绝望主妇Desperate Housewives•第二季】,琪琦奇鳍畦_,1126,15,2024-11-11 11:40:36,https://www.bilibili.com/video/BV17bmyYUEVF
BV1K3myYcEJp,快乐下饭！【E07-01 绝望主妇Desperate Housewives•第二季】,琪琦奇鳍畦_,1404,28,2024-11-11 11:24:31,https://www.bilibili.com/video/BV1K3myYcEJp
BV1xLmyYtEQn,当年素面朝天要多纯洁就有多纯洁~~,糕小山,4600,1,2024-11-11 11:03:05,https://www.bilibili.com/video/BV1xLmyYtEQn
BV1xqm1YwEYL,(你的歌单（车载优盘）)没人会喜欢孤独，只不过是受够了失望___#音乐 #经典老歌 #翻唱 #别让我一个醉_675d6c01898f43a7ca8e1b3769,麦兜玲玲,1,0,2024-11-11 08:27:27,https://www.bilibili.com/video/BV1xqm1YwEYL
BV1Y3mrYYEJW,E727-3,账号已注销,50202,416,2024-11-11 02:56:22,https://www.bilibili.com/video/BV1Y3mrYYEJW
BV1HqmrY1Evi,E人又来随地大小drip了 宝怪新歌好黑泡！！,橙小悦swyori-,1006,0,2024-11-11 01:17:54,https://www.bilibili.com/video/BV1HqmrY1Evi
BV15RmrYPExE,你曾是少年/雪梨阿雪梨/原唱SHE/星光音乐漫游/永远保持一颗年轻的心,龙骑士ds,2945,1,2024-11-11 00:35:01,https://www.bilibili.com/video/BV15RmrYPExE
BV1UjmzYHEU1,《这世界那么多人》陶笛演奏，AG陶笛E调指法,OcarinaOverdose,111,0,2024-11-10 21:46:48,https://www.bilibili.com/video/BV1UjmzYHEU1
BV17HmBYFEUz,【𝟒𝐊 𝟔𝟎𝐅𝐏𝐒/3D环绕音】宝藏神曲《O̴v̴e̴r̴ ̴A̴g̴a̴i̴n̴》必将惊艳你的视听！,爱摸鱼の道长,166,0,2024-11-10 16:26:57,https://www.bilibili.com/video/BV17HmBYFEUz
BV14FmBY5EM1,宙斯认真复盘总决赛五场比赛，直言赢下第四局的一方特别有利，Faker的E技能用的太好了！抗吧热议,抗吧大前锋,33889,1,2024-11-10 15:47:00,https://www.bilibili.com/video/BV14FmBY5EM1
BV1wumBYMEEk,S01E09,哈哈好酒,136,0,2024-11-10 15:41:32,https://www.bilibili.com/video/BV1wumBYMEEk
BV1MBmBYEEcr,S01E08,哈哈好酒,163,1,2024-11-10 15:32:56,https://www.bilibili.com/video/BV1MBmBYEEcr
BV11ymBYVECQ,【BEJ48】20241110 Team E《双面偶像》2.0 彼异界E班趣味运动会公演,企理鹅大帝,1473,0,2024-11-10 15:27:55,https://www.bilibili.com/video/BV11ymBYVECQ
BV1CDmBYuEiR,柔术 无缝软腰 Eсения Собко,Contor-G,1233,0,2024-11-10 13:48:07,https://www.bilibili.com/video/BV1CDmBYuEiR
BV1JKDCYxEXU,E28_0[代号：峨眉峰]：109 嘴巴放干净点 你少废话狗仗人势的,账号已注销,2887,5,2024-11-10 07:10:00,https://www.bilibili.com/video/BV1JKDCYxEXU
BV1zxDkYXEzF,【苏新皓cut】11.09【登陆少年】《ō、ó、ǒ、ò、o！》EP8：“再见E人”【登陆少年物料苏新皓cut|2024.11.09｜苏新皓纯享版｜all铲,YOLKSU-苏新皓,2506,30,2024-11-10 02:06:46,https://www.bilibili.com/video/BV1zxDkYXEzF
BV1zTDCYREaa,11.09潮音洞穴爆改团录播ep1,多多良大伞提督,34,0,2024-11-10 00:18:14,https://www.bilibili.com/video/BV1zTDCYREaa
BV1cED6YDEhv,【R.E.D女团reaction】舞台台风越来越稳啦，抖的专场来咯🧧🧧🧧,8_16号,1096,52,2024-11-09 23:07:58,https://www.bilibili.com/video/BV1cED6YDEhv
BV1C5D6YpEY5,【中英】橘子郡娇妻 S18E18 Reunion P3,mickeyzbj,514,0,2024-11-09 22:59:47,https://www.bilibili.com/video/BV1C5D6YpEY5
BV1XiDBY8EXc,【尼尔：机械纪元】E结局后续,大角虫_,10699,3,2024-11-09 18:10:34,https://www.bilibili.com/video/BV1XiDBY8EXc
BV1jTDzYuEVX,NCIS S01E04,哈哈好酒,101,0,2024-11-09 16:53:47,https://www.bilibili.com/video/BV1jTDzYuEVX
BV1NtDzYREy5,NCIS S01E01 1,哈哈好酒,120,0,2024-11-09 16:10:46,https://www.bilibili.com/video/BV1NtDzYREy5
BV1SSDYYLE8r,《E:ku》又是即兴发挥的,小艾x艾x,47892,21,2024-11-09 12:15:00,https://www.bilibili.com/video/BV1SSDYYLE8r
BV1wVDBYjEv5,E25_0[代号：峨眉峰]：97 翠平暴露了 你们先转移 我再想办法,账号已注销,3540,6,2024-11-09 12:10:00,https://www.bilibili.com/video/BV1wVDBYjEv5
BV1feDYYxEXN,人教版八上Unit5 Do you want to watch a game show?  Section B 2a-2e,TeacherWu英语角,56,0,2024-11-08 21:12:05,https://www.bilibili.com/video/BV1feDYYxEXN
BV1FtDYYhEBB,9800X3D上市，谁才是最强座驾？！摆烂的微星？平民的华擎？堆料的技嘉？还是信仰的ROG？,小志在日本玩电脑,20441,15,2024-11-08 20:39:46,https://www.bilibili.com/video/BV1FtDYYhEBB
BV1yUDoYPETw,NCIS海军罪案调查处 S01E02,哈哈好酒,421,0,2024-11-08 20:04:43,https://www.bilibili.com/video/BV1yUDoYPETw
BV1TzDoY3EKv,别再浪费时间排队了！这个充电方式让你轻松告别等待！ #E打电 #上门充电 #E打电移动充电上门超充 #新能源汽车充电宝,E打电移动充电_小吴,113,0,2024-11-08 19:38:37,https://www.bilibili.com/video/BV1TzDoY3EKv
BV1eNDZYpENM,九号e200p,su九车行,190,0,2024-11-08 18:21:26,https://www.bilibili.com/video/BV1eNDZYpENM
BV1Y3DZYEEGb,21年21款豪华版的奔驰E300L，二手车还值多少？来看看收车价是多少？,郑州川跃汽车,700,0,2024-11-08 18:13:43,https://www.bilibili.com/video/BV1Y3DZYEEGb
BV15yDZYdE7d,神大人我和e塔.../青黄...,神大人已堕落第二人格,221,0,2024-11-08 17:24:20,https://www.bilibili.com/video/BV15yDZYdE7d
BV1EGDoYfEZA,e8bac95da9024495abea79b113517770,兔宝带你吃上海,124,0,2024-11-08 11:24:26,https://www.bilibili.com/video/BV1EGDoYfEZA
BV17aD9YEET5,"命に嫌われている。 (被生命所厌恶。)痛苦的时候在听,想无痛离开这个世界",不会用花洒的桀那,216,0,2024-11-08 11:09:23,https://www.bilibili.com/video/BV17aD9YEET5
BV1iYD9YmEhu,R.E.D-Afterlife浴火,麻辣兔兔兔儿,663,0,2024-11-08 10:52:01,https://www.bilibili.com/video/BV1iYD9YmEhu
BV1cNDRYdEXw,E21_0[代号：峨眉峰]：81 你信不信 南京 肯定跟刚才的广播有关系 我赌一百万不是,账号已注销,6621,28,2024-11-08 09:43:27,https://www.bilibili.com/video/BV1cNDRYdEXw
BV1aoDDYeELV,网友尬黑Faker用加里奥原皮是因为定制，E的距离也会更长一些，实在令人哭笑不得，笑死了哈哈哈，抗吧热议,抗吧后卫,186409,33,2024-11-07 23:03:58,https://www.bilibili.com/video/BV1aoDDYeELV
BV1ytDUY1EPb,20220925-211458-211 e (1),发Q肿浪将,26,0,2024-11-07 21:27:52,https://www.bilibili.com/video/BV1ytDUY1EPb
BV1AXDLYnEEM,E20_1[代号：峨眉峰]：78陆桥山其实是一个很能干的人,账号已注销,4445,7,2024-11-07 18:00:00,https://www.bilibili.com/video/BV1AXDLYnEEM
BV1HdDSYjEQN,快乐下饭！【E06-02 绝望主妇Desperate Housewives•第二季】,琪琦奇鳍畦_,2419,35,2024-11-07 17:57:56,https://www.bilibili.com/video/BV1HdDSYjEQN
BV1wdDSYjEdg,快乐下饭！【E06-01 绝望主妇Desperate Housewives•第二季】,琪琦奇鳍畦_,1779,29,2024-11-07 17:57:39,https://www.bilibili.com/video/BV1wdDSYjEdg
BV1eUD2YWE1p,【起司男孩】S13E19.E286.海胆伯与呆呆阿蜗,Sky婉伊,2973,1,2024-11-07 16:14:23,https://www.bilibili.com/video/BV1eUD2YWE1p
BV1VUD2YsEf5,🏸自律𝙫𝙡𝙤𝙜｜E人才懂吧！！运动是形容词…,辣丝土豆丝er,122,0,2024-11-07 16:02:33,https://www.bilibili.com/video/BV1VUD2YsEf5
BV1hRD2YJEZV,【起司男孩】S13E19.E286.香烤坚果好好吃.,Sky婉伊,3324,0,2024-11-07 15:57:28,https://www.bilibili.com/video/BV1hRD2YJEZV
BV1DYDmYWEok,根据美媒爆料！马斯克为了这一刻总共投入了500e，真是世界第一大赌狗！抗吧热议,抗吧战神,2939,0,2024-11-07 15:30:06,https://www.bilibili.com/video/BV1DYDmYWEok
BV1WQDmY3EUX,触电/翻唱/雪梨阿雪梨/路演现场/原唱SHE,龙骑士ds,347,1,2024-11-07 14:36:00,https://www.bilibili.com/video/BV1WQDmY3EUX
BV1N1DmYLEL7,"连续E5咬字!近百个B4,63次C#5咬字,上百个四组高音,张雨生我想把整片天空打开音高测量",不会用花洒的桀那,2597,6,2024-11-07 13:59:34,https://www.bilibili.com/video/BV1N1DmYLEL7
BV18LD5YoEXg,快乐下饭！【E05-02 绝望主妇Desperate Housewives•第二季】,琪琦奇鳍畦_,2109,16,2024-11-07 12:05:00,https://www.bilibili.com/video/BV18LD5YoEXg
BV1dPD5YPEVH,快乐下饭！【E05-01 绝望主妇Desperate Housewives•第二季】,琪琦奇鳍畦_,2025,13,2024-11-07 12:00:00,https://www.bilibili.com/video/BV1dPD5YPEVH
BV1ocD2YxEjp,【起司男孩】S13E20.E287.章鱼哥好天才.,Sky婉伊,6659,64,2024-11-07 09:36:42,https://www.bilibili.com/video/BV1ocD2YxEjp
BV1aXD5YhEWD,逆天小子入侵e站 迫使漫画作者发出声明,呵呵hong,16268,3,2024-11-07 02:20:12,https://www.bilibili.com/video/BV1aXD5YhEWD
BV16iD5YGEiG,豫E大众，黑丝海底秀［20241107］,赶Due你找我,4785,0,2024-11-07 00:00:00,https://www.bilibili.com/video/BV16iD5YGEiG
BV17pDVYAEuj,Vlog | 我有猫啦！！！新手养猫 奶牛猫 i人养e猫,兔突突不秃,7465,29,2024-11-06 22:26:46,https://www.bilibili.com/video/BV17pDVYAEuj
BV1ASDVYyEbt,仅生产 106 台 1990款日产Autech Zagato Stelvio E-AZ1,路边蹲侃车,2178,3,2024-11-06 21:13:20,https://www.bilibili.com/video/BV1ASDVYyEbt
BV1mnD5YpE8f,快乐下饭！【E04-02 绝望主妇Desperate Housewives•第二季】,琪琦奇鳍畦_,2383,30,2024-11-06 20:50:00,https://www.bilibili.com/video/BV1mnD5YpE8f
BV1CxDGY3E34,快乐下饭！【E04-01 绝望主妇Desperate Housewives•第二季】,琪琦奇鳍畦_,2436,18,2024-11-06 20:45:00,https://www.bilibili.com/video/BV1CxDGY3E34
BV1NrD3YGEgH,妊娠油橄榄油维生素E原来是没有任何科学研究证明它对妊娠纹是有效果的，但是可以起到预防妊娠纹和增加皮肤弹性的作用。,啾啾研究生宝宝,1058,0,2024-11-06 18:05:27,https://www.bilibili.com/video/BV1NrD3YGEgH
BV188D3YSEzT,日版e神,雪人的制造机,20643,3,2024-11-06 17:29:49,https://www.bilibili.com/video/BV188D3YSEzT
BV1dfD3YfE8H,九号真便宜,su九车行,2605,0,2024-11-06 16:04:59,https://www.bilibili.com/video/BV1dfD3YfE8H
BV1hQDGYWEKs,20241105-103840- e,发Q肿浪将,12,0,2024-11-06 14:58:51,https://www.bilibili.com/video/BV1hQDGYWEKs
BV1fhDgYFEMf,5E2500+作弊嫌疑人的第一视角！,CS2_筷子ツ,998,0,2024-11-06 12:02:50,https://www.bilibili.com/video/BV1fhDgYFEMf
BV1NtDNYoEYg,快乐下饭！【E03-02 绝望主妇Desperate Housewives•第二季】,琪琦奇鳍畦_,2364,60,2024-11-06 11:45:00,https://www.bilibili.com/video/BV1NtDNYoEYg
BV1xtDNYoEej,快乐下饭！【E03-01 绝望主妇Desperate Housewives•第二季】,琪琦奇鳍畦_,2278,25,2024-11-06 11:40:00,https://www.bilibili.com/video/BV1xtDNYoEej
BV1xoDgYGEfz,杭州应届生别随便交社保!差点亏大了！没做功课随便交的社保没想到错过这么多补贴，真是长教训，杭州e类人才补贴政策是最好的不容反驳……,嘉欣在杭州,332,0,2024-11-06 10:47:45,https://www.bilibili.com/video/BV1xoDgYGEfz
BV1a1DgYSEL1,贴吧热议萨勒芬妮该不该出冰杖？出了不就能一个e技能就有禁锢效果了，不用等强化e了，抗吧热议,抗吧搬运UP,58034,8,2024-11-06 10:26:12,https://www.bilibili.com/video/BV1a1DgYSEL1
BV1a1DgYSEsB,ezfic大战天顶拜月教徒敌不过逃跑回家被蛾怪单杀🤓,゚初尤,1135,2,2024-11-06 10:24:59,https://www.bilibili.com/video/BV1a1DgYSEsB
BV1mMDMYTEX6,被拉爆啦 不开心 回家接过优质麦扣都很e,七安-换号-Bj-七安,383,0,2024-11-06 00:44:41,https://www.bilibili.com/video/BV1mMDMYTEX6
BV1q4DKYjEHy,[EdmundDZhang/弹幕版直播回放] KPL 淘汰赛! 2024年11月05日,9Flix,3668,8,2024-11-05 22:59:00,https://www.bilibili.com/video/BV1q4DKYjEHy
BV1KtDNYoEKL,快乐下饭！【E02-02 绝望主妇Desperate Housewives•第二季】,琪琦奇鳍畦_,3280,34,2024-11-05 22:04:10,https://www.bilibili.com/video/BV1KtDNYoEKL
BV1QZDNYKEAh,"张杰天下全音高测量标注,烽烟起寻爱似浪淘沙,遇见她如春水映梨花,挥剑断天涯相思轻放下,梦中我痴痴牵挂",不会用花洒的桀那,1158,0,2024-11-05 21:44:05,https://www.bilibili.com/video/BV1QZDNYKEAh
BV1gNDhYBEtp,快乐下饭！【E02-01 绝望主妇Desperate Housewives•第二季】,琪琦奇鳍畦_,4554,22,2024-11-05 21:00:00,https://www.bilibili.com/video/BV1gNDhYBEtp
BV1q8DKY5Ext,[低于618]舒华（SHUA）【奥运冠军同款】跑步机家用E3Y阿波罗减震全折叠多功能健身减肥 T310丨固定坡度丨一键全折叠,铜锣烧达人,0,0,2024-11-05 20:07:24,https://www.bilibili.com/video/BV1q8DKY5Ext
BV1x5DhYaESv,【起司男孩】S14E05.E298.妈妈危机,Sky婉伊,4534,4,2024-11-05 16:32:33,https://www.bilibili.com/video/BV1x5DhYaESv
BV1G1DhY3Ejg,【1097.61元 包邮】 再降价、政府补贴、京东百亿补贴：Ninebot 九号 电动滑板车 E2,无畏的debuff,9,0,2024-11-05 14:55:38,https://www.bilibili.com/video/BV1G1DhY3Ejg
BV1L9DtYMEgd,[90天新低]优学派类纸屏护眼学习机E26 6+256  AG防眩光12英寸大屏 1对1AI学习规划  学生平板电脑全龄段,铜锣烧达人,2,0,2024-11-05 13:51:24,https://www.bilibili.com/video/BV1L9DtYMEgd
BV1f4DbYyEtv,【11月4号直播内容】hol◯li◯e/一条梨花cosplay零距离睡眠按摩让你眼睛和耳朵都开心ASMR【Rizuna】,球棒侠爱助眠,1053,0,2024-11-05 13:47:14,https://www.bilibili.com/video/BV1f4DbYyEtv
BV1dmyaYKE1T,【caroline girvan】卡姐P.E PROGRAM第13天臀部训练,海贼狂,502,0,2024-11-05 12:15:00,https://www.bilibili.com/video/BV1dmyaYKE1T
BV1LSDxYAEHa,[60天新低]SKG眼部按摩仪护眼仪眼睛按摩器眼保仪 智能蓝牙热敷气囊睡眠眼罩 生日礼物送男女朋友父母长辈礼品 【可视化气囊】E3Pro,铜锣烧达人,5,0,2024-11-05 01:42:51,https://www.bilibili.com/video/BV1LSDxYAEHa
BV1BfDpYbEGx,新教材七上U6 A Day in the Life SectionA 2a-2e,TeacherWu英语角,446,0,2024-11-05 00:07:29,https://www.bilibili.com/video/BV1BfDpYbEGx
BV1onDsYAE9g,其实这首歌叫今天不是明天！不叫S. A. T. E. L. L. I. T. E!,9274864833683648,1006,0,2024-11-04 21:31:33,https://www.bilibili.com/video/BV1onDsYAE9g
BV1fLDsYiE7Z,【E01-01 绝望主妇第二季】,琪琦奇鳍畦_,7807,17,2024-11-04 20:54:22,https://www.bilibili.com/video/BV1fLDsYiE7Z
BV156DHYXEpH,【中英】波托马克娇妻 S09E05 P6,mickeyzbj,453,0,2024-11-04 18:50:43,https://www.bilibili.com/video/BV156DHYXEpH
BV13tDpYDEU3,AK_AK36G(AK36E)_2024-11-04_084053,是小舞者丫,7,0,2024-11-04 16:42:48,https://www.bilibili.com/video/BV13tDpYDEU3
BV1NZDJYYERn,【时光机】ArianaGrande2024年十月份照片上传合集Part.3,FrankieGrande,605,0,2024-11-04 15:46:10,https://www.bilibili.com/video/BV1NZDJYYERn
BV1LBDJYjE3c,【R.E.D女团】《R U UP》（情意已读）音乐分享~,甜甜橙a,232,0,2024-11-04 15:15:05,https://www.bilibili.com/video/BV1LBDJYjE3c
BV1ZVDnYHEyh,冲刺冲刺，Q呢？用Q打断别人的E呀,福罒Frisk,162,0,2024-11-04 14:51:50,https://www.bilibili.com/video/BV1ZVDnYHEyh
BV1UYDnYBEsf,贴吧热议职业选手爆料e x o组合是最大战犯，合力把wei送到替补,日更up莉莉丝,13696,1,2024-11-04 12:40:07,https://www.bilibili.com/video/BV1UYDnYBEsf
BV1bMDHYyERj,“每天e小mo生活ha大ppy.”,钱满满iii,46,0,2024-11-04 12:10:57,https://www.bilibili.com/video/BV1bMDHYyERj
BV19LDEYGEe4,Ezfic带你看直播间 并且看看农村里人与鸟类和谐共处的画面,゚初尤,1919,5,2024-11-04 11:29:33,https://www.bilibili.com/video/BV19LDEYGEe4
BV1UYSUYEEHC,Theshy爆了！Faker塞拉斯E接推推棒，Shy哥赛后实验是可行的！真是热爱实践的僵王博士，笑死了哈哈哈，抗吧热议,抗吧大前锋,90668,5,2024-11-03 23:58:25,https://www.bilibili.com/video/BV1UYSUYEEHC
BV1uhSUYDEhs,（考古）【有E说一】Cat cut,喵不E,430,3,2024-11-03 23:18:38,https://www.bilibili.com/video/BV1uhSUYDEhs
BV1h4SUYWEWz,七星宿无解的结构，她们是彼此的依靠，她们是最大的团粉， 她们是确定了出道的队友，比肩同行彼此陪伴度过了无数个练习的日夜，见过彼此最脆弱最坚强最搞笑的一面,蓝桉-小红包,263,0,2024-11-03 23:09:00,https://www.bilibili.com/video/BV1h4SUYWEWz
BV1aNSSY4Edc,"【补档】张雨生天天想你全音高测量标注,全程G4,G#4咬字A#4,C5不发力咬字上百个G4以上四组高音咬字",不会用花洒的桀那,1654,3,2024-11-03 22:36:41,https://www.bilibili.com/video/BV1aNSSY4Edc
BV1eNSSY4Eb2,【ILLIT-Cherish (My Love)】 e舞成名教学对照 / 花式疯狂 / 音轨替换,只出跳舞机教程的浩宇,1415,0,2024-11-03 22:34:21,https://www.bilibili.com/video/BV1eNSSY4Eb2
BV1z4S1YdETD,2.0新谱【aespa-Whiplash】e舞成名教学对照 / 花式疯狂 / 音轨替换,只出跳舞机教程的浩宇,2307,1,2024-11-03 14:42:04,https://www.bilibili.com/video/BV1z4S1YdETD
BV1jaS1YpE3h,九号e80c,su九车行,363,0,2024-11-03 13:17:45,https://www.bilibili.com/video/BV1jaS1YpE3h
BV1KSSCYAE34,⚡尚书的奇美拉日记⚡——奇美拉战力终于达到1e了,69岁刑部尚书,1171,0,2024-11-03 10:14:14,https://www.bilibili.com/video/BV1KSSCYAE34
BV1RgSyYmEmf,【御语犬e-可验】第一支视频求三连！,为什么难改,133,0,2024-11-03 08:47:53,https://www.bilibili.com/video/BV1RgSyYmEmf
BV1FUSqYzEr1,大姐姐玩的这么变态...,灯露椎名,20549,49,2024-11-02 22:05:52,https://www.bilibili.com/video/BV1FUSqYzEr1
BV1AxSBY5EAe,深圳公交E5虽然说是最后的辉煌，只可惜它永远取消了,深玮哥,317,0,2024-11-02 21:34:30,https://www.bilibili.com/video/BV1AxSBY5EAe
BV1v4DPYBELr,杰斯E技能应该有这个效果才对! #英雄联盟,kaiyun体育强哥,1024,0,2024-11-02 15:55:05,https://www.bilibili.com/video/BV1v4DPYBELr
BV17M2UYREM3,热舞-E3-326-Urban Kiz Lady style by Natalia Ulanova - Школа танцев SOUS,AZ828,156,0,2024-11-02 12:35:00,https://www.bilibili.com/video/BV17M2UYREM3
BV1jQSdYEErr,『R.E.D女团』叮 小红团中国澳门 “游客照”一则小红包快来收取,RED_Aliki半糖,174,0,2024-11-01 23:30:39,https://www.bilibili.com/video/BV1jQSdYEErr
BV1pnSoY8Ef8,【直播录像】E总丨维克特路基埃尔-24年11月,静水小溪,2572,2,2024-11-01 23:12:13,https://www.bilibili.com/video/BV1pnSoY8Ef8
BV1iGSZY9EKn,"张雨生我听过最轻松四组中音喝水A#4B4不发力,C5轻发力,D5刚发力F5G5撕裂,连续E5转音,五组说话,A5闭口音咬字A5拉长9秒,D6头咽混,D6拉长六秒",不会用花洒的桀那,17284,23,2024-11-01 21:09:21,https://www.bilibili.com/video/BV1iGSZY9EKn
BV1RVSdYLECd,【万圣大促！新史低比1折还低！还有E宝狂送249元大作】STEAM本周高评价史低游戏大推荐（11月1日-11月8日）,游戏动力VGN,361244,816,2024-11-01 20:00:00,https://www.bilibili.com/video/BV1RVSdYLECd
BV1VjSdY5EuA,【E舞成名】aespa - Whiplash 教学对照 / 花式疯狂 / 替音轨 跳舞机脚谱教程,爱蹦跶的涛涛,4948,1,2024-11-01 17:11:20,https://www.bilibili.com/video/BV1VjSdY5EuA
BV1bHS9YwEyu,『女团饭拍系列』E9114.241029.LIGHTSUM 5部,女团饭拍系列,107,0,2024-11-01 13:28:20,https://www.bilibili.com/video/BV1bHS9YwEyu
BV1BfSDYuEYJ,【九九八十一V19B1e】我的最新作品，欢迎收看求三连！,九九八十一V19B1e,446,0,2024-11-01 09:46:33,https://www.bilibili.com/video/BV1BfSDYuEYJ
BV1BfSDYuEYJ,【九九八十一V19B1e】我的最新作品，欢迎收看求三连！,九九八十一V19B1e,446,0,2024-11-01 09:46:33,https://www.bilibili.com/video/BV1BfSDYuEYJ
BV1UrSnYuEmS,当i人和e人一起跳舞,摄影辰公子,437,0,2024-11-01 01:04:22,https://www.bilibili.com/video/BV1UrSnYuEmS
